Fornecedor,Categoria,Sub-Categoria,Produto,Marca/Mod.,Requer manut,Preço,dpr,Obs.
Adptolim,Acabamentos,Acabamento,Acabamento acrilico 20 lts,,,0,1,Acabamentos 5 ou 20 lts estudo caso a caso diferentes tipos de trafego. marcas. preços. Consultar a DI e o inspetor da limpeza. Checar metragem.
Adptolim,Acabamentos,Acabamento,acabamento acrilico 5 lts,,,0,1,Acabamentos 5 ou 20 lts estudo caso a caso diferentes tipos de trafego. marcas. preços. Consultar a DI e o inspetor da limpeza. Checar metragem.
Adptolim,Acabamentos,Acabamento,cera incolor acrílica convencional 1 lt,tipo bravo,,9.9,1,Checar metragem
Adptolim,Acabamentos,Acabamento,cera incolor acrílica convencional 5 lt,tipo bravo,,43.9,1,Checar metragem
Adptolim,Acabamentos,Acabamento,haste e base aplicador cera 45cm,,,0,12,
Adptolim,Acabamentos,Acabamento,luva do aplicador 45 cm,,,0,1,
Adptolim,Acabamentos,Acabamento,removedor de acabamentos 20 lts,,,0,1,Fazer estudo caso a caso. procurar descritivo do processo de impermeabilização em fornecedores dinatok. spartan (limpeza pura) e adptolim. Diferentes procedimentos e marcas dependendo de pisos externos e internos.
Adptolim,Acabamentos,Acabamento,removedor de acabamentos 5 lts,,,0,1,Fazer estudo caso a caso. procurar descritivo do processo de impermeabilização em fornecedores dinatok. spartan (limpeza pura) e adptolim. Diferentes procedimentos e marcas dependendo de pisos externos e internos.
Adptolim,Acabamentos,Acabamento,selador para acabamentos 20 lts,,,0,1,Fazer estudo caso a caso. procurar descritivo do processo de impermeabilização em fornecedores dinatok. spartan (limpeza pura) e adptolim. Diferentes procedimentos e marcas dependendo de pisos externos e internos.
Adptolim,Acabamentos,Acabamento,selador para acabamentos 5 lts,,,0,1,Para fazer no flor da aldeia são 60m2 entre o hall externo (20m) e a área da portaria(40M). enxague da remoção com deterg neutro esperar secar 24hs. Aplicador e luva de aplicação não usar pano e rodo na aplicação. Comprar 5 lts a mais de acabamento pq na compra abaixo faltou p uma manutenção posterior. Na primeira impermeabilização compramos na limpeza pura dez/16: 1. usamos o trend setter da spartan (a dinatok não tem o equivalente. acho melhor continuar com a spartan. há um orçamento da adptolim na pasta email em orçamento jul17) pq é área externa e foi muito bom 5lts foi muito justo melhor 10 ou 15 lts e 2. removedor lim magico super removedor de 2lts. 3. Usamos cloro para clarear o piso externo 2lts. Repetimos a compra em jul17 na limpeza pura mesmo pq deu certo e tem prodts de 2lts.
CAMPOLI,Acabamentos,Acabamento,limpador resíduos cimento e argamassa - Decrust B 5 L,,,73.5,1,Para fazer no flor da aldeia são 60m2 entre o hall externo (20m) e a área da portaria(40M). enxague da remoção com deterg neutro esperar secar 24hs. Aplicador e luva de aplicação não usar pano e rodo na aplicação. Comprar 5 lts a mais de acabamento pq na compra abaixo faltou p uma manutenção posterior. Na primeira impermeabilização compramos na limpeza pura dez/16: 1. usamos o trend setter da spartan (a dinatok não tem o equivalente. acho melhor continuar com a spartan. há um orçamento da adptolim na pasta email em orçamento jul17) pq é área externa e foi muito bom 5lts foi muito justo melhor 10 ou 15 lts e 2. removedor lim magico super removedor de 2lts. 3. Usamos cloro para clarear o piso externo 2lts. Repetimos a compra em jul17 na limpeza pura mesmo pq deu certo e tem prodts de 2lts.
CAMPOLI,Descartáveis,Descartável,Copo água 180ml cx c/ 2500,,,54.9,1,Avaliar no cliente o que ele já usa. Copos cuidado para que não seja uma marca muito ruim causando desperdicio em descartes
CAMPOLI,Descartáveis,Descartável,Copo café cx c/ 5000,,,59.9,1,Avaliar no cliente o que ele já usa. Copos cuidado para que não seja uma marca muito ruim causando desperdicio em descartes
CAMPOLI,Descartáveis,Descartável,Papel higienico interfolha - dispenser convencional,,,0,12,Analisar no cliente o que ele já usa.
CAMPOLI,Descartáveis,Descartável,Papel higiênico interfolha folha dupla cx c/ 8.000 fls,,,78,1,Necessidade de estudo no cliente para determinar quantidades. marca e qualidade necessaria (as vezes é melhor apresentar varios opções de preço porque o custo é alto). Avaliar no cliente o que ele já usa. Checar com a OP e a DI. existe tambem no CM uma planilha de calculo que pode ser avaliada.
CAMPOLI,Descartáveis,Descartável,Papel higiênico rolão - dispenser convencional,,,0,1,Analisar no cliente o que ele já usa.
CAMPOLI,Descartáveis,Descartável,Papel higiênico rolão branco folha dupla cx c/ 8X200 fls,,,68.9,1,Necessidade de estudo no cliente para determinar quantidades. marca e qualidade necessaria (as vezes é melhor apresentar varios opções de preço porque o custo é alto). Avaliar no cliente o que ele já usa. Checar com a OP e a DI. existe tambem no CM uma planilha de calculo que pode ser avaliada.
CAMPOLI,Descartáveis,Descartável,Papel higiênico rolão cx com 8X300 luxo,,,33.9,1,Necessidade de estudo no cliente para determinar quantidades. marca e qualidade necessaria (as vezes é melhor apresentar varios opções de preço porque o custo é alto). Avaliar no cliente o que ele já usa. Checar com a OP e a DI. existe tambem no CM uma planilha de calculo que pode ser avaliada.
CAMPOLI,Descartáveis,Descartável,Papel higiênico rolão cx com 8X300 padrão,,,18.9,1,Necessidade de estudo no cliente para determinar quantidades. marca e qualidade necessaria (as vezes é melhor apresentar varios opções de preço porque o custo é alto). Avaliar no cliente o que ele já usa. Checar com a OP e a DI. existe tambem no CM uma planilha de calculo que pode ser avaliada.
CAMPOLI,Descartáveis,Descartável,Papel toalha interfolha - dispenser convencional,,,0,12,Analisar no cliente o que ele já usa.
CAMPOLI,Descartáveis,Descartável,Papel toalha interfolha bco 2 dobras 20X21 fdo c/ 1000fls,,,6.95,1,Necessidade de estudo no cliente para determinar quantidades. marca e qualidade necessaria (as vezes é melhor apresentar varios opções de preço porque o custo é alto). Avaliar no cliente o que ele já usa. Checar com a OP e a DI. existe tambem no CM uma planilha de calculo que pode ser avaliada.
CAMPOLI,Descartáveis,Descartável,Papel toalha interfolha bco 2 dobras extra luxo 20X21 c/ 1000fls,,,9.15,1,Necessidade de estudo no cliente para determinar quantidades. marca e qualidade necessaria (as vezes é melhor apresentar varios opções de preço porque o custo é alto). Avaliar no cliente o que ele já usa. Checar com a OP e a DI. existe tambem no CM uma planilha de calculo que pode ser avaliada.
CAMPOLI,Descartáveis,Descartável,Sabonete liquido - dispenser convencional,,,0,12,Analisar no cliente o que ele já usa.
CAMPOLI,Descartáveis,Descartável,Sabonete liquído 800 ml,,,5.6,1,Necessidade de estudo no cliente: para determinar quantidades. marca e qualidade necessaria (as vezes é melhor apresentar varios opções de preço porque o custo é alto). Checar com a OP e a DI. Avaliar no cliente o que ele já usa.
CAMPOLI,Descartáveis,Descartável,Sabonete liquido concentrado 5 lts,,,23.8,1,Necessidade de estudo no cliente: para determinar quantidades. marca e qualidade necessaria (as vezes é melhor apresentar varios opções de preço porque o custo é alto). Checar com a OP e a DI. Avaliar no cliente o que ele já usa.
CAMPOLI,Descartáveis,Descartável,Sabonete liquido espuma - dispenser convencional,,,0,12,Necessidade de estudo no cliente: para determinar quantidades. marca e qualidade necessaria (as vezes é melhor apresentar varios opções de preço porque o custo é alto). Checar com a OP e a DI. Avaliar no cliente o que ele já usa.
CAMPOLI,Descartáveis,Descartável,Sabonete liquido pronto uso 5 lts,,,8.9,1,Necessidade de estudo no cliente: para determinar quantidades. marca e qualidade necessaria (as vezes é melhor apresentar varios opções de preço porque o custo é alto). Checar com a OP e a DI. Avaliar no cliente o que ele já usa.
CAMPOLI,Descartáveis,Descartável,Saco lixo 100x100lts azul,,,28.9,1,Necessidade de estudo no cliente: para determinar quantidades. marca e qualidade necessaria (as vezes é melhor apresentar varios opções de preço porque o custo é alto). Checar com a OP e a DI. Avaliar no cliente o que ele já usa as vezes necessario pedir amostra
CAMPOLI,Descartáveis,Descartável,Saco lixo 100x100lts preto extra forte 90x95x010,,,29.9,1,Muito peso. Necessidade de estudo no cliente: para determinar quantidades. marca e qualidade necessaria (as vezes é melhor apresentar varios opções de preço porque o custo é alto). Checar com a OP e a DI. Avaliar no cliente o que ele já usa as vezes necessario pedir amostra
CAMPOLI,Descartáveis,Descartável,Saco lixo 100x100lts preto leve,,,21.6,1,Pouco peso. Necessidade de estudo no cliente: para determinar quantidades. marca e qualidade necessaria (as vezes é melhor apresentar varios opções de preço porque o custo é alto). Checar com a OP e a DI. Avaliar no cliente o que ele já usa as vezes necessario pedir amostra
CAMPOLI,Descartáveis,Descartável,Saco lixo 100x100lts verde,,,39.9,1,Necessidade de estudo no cliente: para determinar quantidades. marca e qualidade necessaria (as vezes é melhor apresentar varios opções de preço porque o custo é alto). Checar com a OP e a DI. Avaliar no cliente o que ele já usa as vezes necessario pedir amostra
CAMPOLI,Descartáveis,Descartável,Saco lixo 100x15lts preto 42x58x0.05,,,0,1,Necessidade de estudo no cliente: para determinar quantidades. marca e qualidade necessaria (as vezes é melhor apresentar varios opções de preço porque o custo é alto). Checar com a OP e a DI. Avaliar no cliente o que ele já usa as vezes necessario pedir amostra
CAMPOLI,Descartáveis,Descartável,Saco lixo 100x20lts preto 39x58,,,6.2,1,Necessidade de estudo no cliente: para determinar quantidades. marca e qualidade necessaria (as vezes é melhor apresentar varios opções de preço porque o custo é alto). Checar com a OP e a DI. Avaliar no cliente o que ele já usa as vezes necessario pedir amostra
CAMPOLI,Descartáveis,Descartável,Saco lixo 100x30lts preto 59x62x0.07,,,8.4,1,Necessidade de estudo no cliente: para determinar quantidades. marca e qualidade necessaria (as vezes é melhor apresentar varios opções de preço porque o custo é alto). Checar com a OP e a DI. Avaliar no cliente o que ele já usa as vezes necessario pedir amostra
CAMPOLI,Descartáveis,Descartável,Saco lixo 100x40lts preto 59x62,,,10.2,1,Necessidade de estudo no cliente: para determinar quantidades. marca e qualidade necessaria (as vezes é melhor apresentar varios opções de preço porque o custo é alto). Checar com a OP e a DI. Avaliar no cliente o que ele já usa as vezes necessario pedir amostra
CAMPOLI,Descartáveis,Descartável,Saco lixo 100x60lts preto,,,13.9,1,Tamanho medio. Necessidade de estudo no cliente: para determinar quantidades. marca e qualidade necessaria (as vezes é melhor apresentar varios opções de preço porque o custo é alto). Checar com a OP e a DI. Avaliar no cliente o que ele já usa as vezes necessario pedir amostra
CAMPOLI,Descartáveis,Descartável,Saco lixo 100x60lts verde,,,24,1,Necessidade de estudo no cliente: para determinar quantidades. marca e qualidade necessaria (as vezes é melhor apresentar varios opções de preço porque o custo é alto). Checar com a OP e a DI. Avaliar no cliente o que ele já usa as vezes necessario pedir amostra
CAMPOLI,Descartáveis,Descartável,Saco lixo 45x200lts preto reforçado,,,29.9,1,Com 45 unid no fardo. Necessidade de estudo no cliente: para determinar quantidades. marca e qualidade necessaria (as vezes é melhor apresentar varios opções de preço porque o custo é alto). Checar com a OP e a DI. Avaliar no cliente o que ele já usa as vezes necessario pedir amostra
CAMPOLI,Descartáveis,Descartável,Saco lixo hospitalar 100x100lts branco simbologia material infectante,,,43,1,Necessidade de estudo no cliente: para determinar quantidades. marca e qualidade necessaria (as vezes é melhor apresentar varios opções de preço porque o custo é alto). Checar com a OP e a DI. Avaliar no cliente o que ele já usa as vezes necessario pedir amostra
CAMPOLI,Descartáveis,Descartável,Saco lixo hospitalar 100x15lts branco simbologia material infectante,,,17.9,1,Necessidade de estudo no cliente: para determinar quantidades. marca e qualidade necessaria (as vezes é melhor apresentar varios opções de preço porque o custo é alto). Checar com a OP e a DI. Avaliar no cliente o que ele já usa as vezes necessario pedir amostra
CAMPOLI,Descartáveis,Descartável,Saco lixo hospitalar 100x30lts branco simbologia material infectante,,,19.9,1,Necessidade de estudo no cliente: para determinar quantidades. marca e qualidade necessaria (as vezes é melhor apresentar varios opções de preço porque o custo é alto). Checar com a OP e a DI. Avaliar no cliente o que ele já usa as vezes necessario pedir amostra
CAMPOLI,Descartáveis,Descartável,Saco lixo hospitalar 100x50lts branco simbologia material infectante,,,25,1,Necessidade de estudo no cliente: para determinar quantidades. marca e qualidade necessaria (as vezes é melhor apresentar varios opções de preço porque o custo é alto). Checar com a OP e a DI. Avaliar no cliente o que ele já usa as vezes necessario pedir amostra
,Especiais,Container,Cont - Banheiro quimico - locação,,,0,0,Checar além da locação o transporte inicial e final da entrega da locação. minuta do contrato. multas sobre danos. mau uso. etc. Checar se WC químico cuidados insumos etc. A Iron tem cadastro de locação de container e WC químico na rentalbras campinas. Fazer cotação sempre próximo ao local do contrato para obter menor preço.
,Especiais,Container,Cont - Container na função portaria - locação,,,0,0,Checar além da locação o transporte inicial e final da entrega da locação. minuta do contrato. multas sobre danos. mau uso. etc. A Iron tem cadastro de locação de container e WC químico na rentalbras campinas. Fazer cotação sempre próximo ao local do contrato para obter menor preço.
,Especiais,Container,Cont - Portaria - locação,,,0,0,Checar além da locação o transporte inicial e final da entrega da locação. minuta do contrato. multas sobre danos. mau uso. etc. A Iron tem cadastro de locação de container e WC químico na rentalbras campinas. Fazer cotação sempre próximo ao local do contrato para obter menor preço.
,Especiais,Jardim,Caçamba capacidade 3 m2 detritos jardim - LOCAÇÃO,,,0,0,Somente locação. SEMPRE cotar na cidade de uso da caçamba porque o preço varia muito. Perguntar ao prospect de que empresa ele já loca E O TAMANHO p chegar ao menor preço
,Especiais,Jardim,Caçamba capacidade 5 m2 detritos jardim - LOCAÇÃO,cotar na cidade proposta,Não,0,0,Somente locação. SEMPRE cotar na cidade de uso da caçamba porque o preço varia muito. Perguntar ao prospect de que empresa ele já loca E O TAMANHO p chegar ao menor preço
,Especiais,Jardim,Caçamba capacidade 6 m2 detritos jardim - LOCAÇÃO,,,0,0,Somente locação. SEMPRE cotar na cidade de uso da caçamba porque o preço varia muito. Perguntar ao prospect de que empresa ele já loca E O TAMANHO p chegar ao menor preço
Orsatti,Especiais,Jardim,Carreta de 1 eixo capacidade para 1.2 toneladas,,,0,0,SOMENTE LOCAÇÃO 1 eixo são apenas 2 rodas tem maior mobilidade do que 2 eixos (4 rodas não recomendado) mais detalhes com fornecedores Tramac (o melhor)
Orsatti,Especiais,Jardim,Roçadeira de arrasto para grandes areas com engate para trator ou similar,,,0,0,SOMENTE LOCAÇÃO mais detalhes com fornecedores Tramac (o melhor).
Orsatti,Especiais,Jardim,Trator agricola de 75HP cabine aberta com cobertura,,,0,0,SOMENTE LOCAÇÃO sugestão marca Agrale modelo 5075 ano 2009 mais detalhes com fornecedores Tramac (o melhor).
BALUARTE,Especiais,Lavadora,Lavadora secadora piso - Detergente ESPECIFICO 5 lts,TODOS OS MODELOS,,48,1,OBRIGATORIO USO SEMPRE. Durabilidade grande. uma tampa do galão para cada tanque da lavadora.
BALUARTE,Especiais,Lavadora,Lavadora secadora piso - Detergente ESPECIFICO 20 lts,TODOS OS MODELOS,,0,0,OBRIGATORIO USO SEMPRE. Durabilidade grande. uma tampa do galão para cada tanque da lavadora.
BALUARTE,Especiais,Lavadora,Lavadora secadora piso bateria a3 - discos tipo 3M,mod A300 alfa tenant,,0,1,ATENÇÃO USO DE DISCO: obrigatorio a locação de instalock. Checar no titulo enceradeira durabilidade/mês. quantidade. cor e tamanho. Checar SEMPRE se há necessidade de escova + disco e cotar.
BALUARTE,Especiais,Lavadora,Lavadora secadora piso bateria a3 - escova nylon com instalock,mod A300 alfa tenant,,450,4,ANALISAR A REAL NECESSIDADE E DEPRECIAÇÃO ENTRE DISCOS DE FIBRA 3M E ESCOVAS DE NYLON NORMALMENTE USAMOS UM OU OUTRO E NÃO OS DOIS JUNTOS Escova é a única coisa que a Baluarte não loca. somente venda. Desconto de até R$ 1.500.00 confirmar com Magda Baluarte. Checar preços dos acessorios sempre conforme o modelo do equipamento.
BALUARTE,Especiais,Lavadora,Lavadora secadora piso bateria a3 - lamina borracha do rodo,mod A300 alfa tenant,,155,12,ANALISAR DEPRECIAÇÃO CASO A CASO |||| Lavadoras. B70 e A3 (a bateria) e modelo Alfa1000 (elétrica). Checar preços dos acessorios sempre conforme o modelo do equipamento.
BALUARTE,Especiais,Lavadora,Lavadora secadora piso bateria a3 - LOCAÇÃO MENSAL,mod A300 alfa tenant,,1300,1,Checar a necessidade de escova + disco e instalock. nem sempre usamos os dois.
BALUARTE,Especiais,Lavadora,Lavadora secadora piso bateria a3 - manutenção e seguro: roubo. incendio. etc,mod A300 alfa tenant,,700,12,CHECAR O TAMANHO DO EQUIP E VALOR Seguro bradesco furto. incendio intemperie 200.00 ao ano em jul18. Os valores variam conforme o valor e modelo do equipamento. checar se as baterias entram no valor do seguro. Cotações e modelo apolice existentes em arquivo eletronico no CM. a DI SEMPRE deve acompanhar e aprovar as cotações.
BALUARTE,Especiais,Lavadora,Lavadora secadora piso bateria a3 - peça do rodo completa,mod A300 alfa tenant,,480,30,DISCOS checar diametros e ir no item enceradeiras para incluir na proposta. ANALISAR DEPRECIAÇÃO CASO A CASO |||| Lavadoras. B70 e A3 (a bateria) e modelo Alfa1000 (elétrica). Checar preços dos acessorios sempre conforme o modelo do equipamento.
BALUARTE,Especiais,Lavadora,Lavadora secadora piso bateria b - discos tipo 3M,mod Brava alfa tenant,,0,0,
BALUARTE,Especiais,Lavadora,Lavadora secadora piso bateria b - escova nylon com instalock,mod Brava alfa tenant,,0,0,
BALUARTE,Especiais,Lavadora,Lavadora secadora piso bateria b - lamina borracha do rodo,mod Brava alfa tenant,,0,0,
BALUARTE,Especiais,Lavadora,Lavadora secadora piso bateria b - LOCAÇÃO MENSAL,mod Brava alfa tenant,,5950,1,Modelo Brava. inclui suporte para os 02 discos/escovas + sabão próprio 5 lts + manutenção e treinamento (retira)
BALUARTE,Especiais,Lavadora,Lavadora secadora piso bateria b - manutenção e seguro: roubo. incendio,mod Brava alfa tenant,,0,0,
BALUARTE,Especiais,Lavadora,Lavadora secadora piso bateria b - peça do rodo completa,mod Brava alfa tenant,,0,0,
BALUARTE,Especiais,Lavadora,Lavadora secadora piso bateria b7 - + kit bateria extra - LOCAÇÃO MENSAL,mod B70 alfa tenant,,2200,1,Checar necessidade de bateria extra. Modelo Alfa B70 Desconto de até R$ 1.200.00 confirmar com Magda Baluarte
BALUARTE,Especiais,Lavadora,Lavadora secadora piso bateria b7 - discos tipo 3M,mod B70 alfa tenant,,0,0,
BALUARTE,Especiais,Lavadora,Lavadora secadora piso bateria b7 - escova nylon com instalock,mod B70 alfa tenant,,0,4,Checar depreciação
BALUARTE,Especiais,Lavadora,Lavadora secadora piso bateria b7 - lamina borracha do rodo,mod B70 alfa tenant,,0,12,
BALUARTE,Especiais,Lavadora,Lavadora secadora piso bateria b7 - LOCAÇÃO MENSAL,mod B70 alfa tenant,,1700,1,ATENÇÃO cotar sempre os acessorios necessarios nem sempre é preciso escova + discos (pode ser um ou outro conforme o piso).
BALUARTE,Especiais,Lavadora,Lavadora secadora piso bateria b7 - manutenção e seguro: roubo. incendio,mod B70 alfa tenant,,0,0,
BALUARTE,Especiais,Lavadora,Lavadora secadora piso bateria b7 - peça do rodo completa,mod B70 alfa tenant,,0,30,
BALUARTE,Especiais,Lavadora,Lavadora secadora piso dirigivel bateria t7 - discos tipo 3M,mod T7 tenant,,0,0,
BALUARTE,Especiais,Lavadora,Lavadora secadora piso dirigivel bateria t7 - escova nylon com instalock,mod T7 tenant,,0,0,
BALUARTE,Especiais,Lavadora,Lavadora secadora piso dirigivel bateria t7 - lamina borracha do rodo,mod T7 tenant,,0,0,
BALUARTE,Especiais,Lavadora,Lavadora secadora piso dirigivel bateria t7 - LOCAÇÃO MENSAL,mod T7 tenant,,4700,1,Modelo T7 Tennant. inclui 02 discos. 01 sabão próprio máquina 5 lts + manutenção. entrega e treinamento
BALUARTE,Especiais,Lavadora,Lavadora secadora piso dirigivel bateria t7 - manutenção e seguro: roubo. incendio,mod T7 tenant,,0,0,
BALUARTE,Especiais,Lavadora,Lavadora secadora piso dirigivel bateria t7 - peça do rodo completa,mod T7 tenant,,0,0,
BALUARTE,Especiais,Lavadora,Lavadora secadora piso eletrica - discos tipo 3M,mod Alfa 1000,,0,0,
BALUARTE,Especiais,Lavadora,Lavadora secadora piso eletrica - escova nylon com instalock,mod Alfa 1000,,0,0,
BALUARTE,Especiais,Lavadora,Lavadora secadora piso eletrica - lamina borracha do rodo,mod Alfa 1000,,0,0,
BALUARTE,Especiais,Lavadora,Lavadora secadora piso eletrica - LOCAÇÃO MENSAL,mod Alfa 1000,,750,1,Serviços mais leves. areas menores e que permitam uso eletrico (cabos pelo chão)
BALUARTE,Especiais,Lavadora,Lavadora secadora piso eletrica - manutenção e seguro: roubo. incendio. etc,mod Alfa 1000,,500,12,
BALUARTE,Especiais,Lavadora,Lavadora secadora piso eletrica - peça do rodo completa,mod Alfa 1000,,0,0,
PROTECAMP,Jardim,EPI,Avental de raspa 1.10 x 0.60,,,25.6,12,Uso serviços de recolha de lixo e residuos e jardim
PROTECAMP,Jardim,EPI,Boné arabe - cobre nuca,,,25,6,Se não for usado capacete então usar com protetor facial
PROTECAMP,Jardim,EPI,Bota PVC piso molhado,,,35,12,Cores preta ou branca. Checar a melhor opção em função local de uso
PROTECAMP,Jardim,EPI,Botina/sapato biqueira de pvc,,,50,12,Checar real necessidade já existe um custo do sapato sem biqueira no custo do uniforme
PROTECAMP,Jardim,EPI,Capacete com protetor facial em Pvc,,,30,12,
PROTECAMP,Jardim,EPI,Colete refletivo tipo X somente tiras cruzadas,,,12,12,Este modelo tem menor custo e funciona bem
PROTECAMP,Jardim,EPI,Colete refletivo tipo X somente tiras cruzadas,,,12,12,Este modelo tem menor custo e funciona bem
PROTECAMP,Jardim,EPI,Luva algodão pigmentada,,,2.5,3,Uso com roçadeiras e jardim
DUTRA MAQUINAS,Jardim,EPI,Luva Raspa Punho Longo 20CM,,,15,6,
PROTECAMP,Jardim,EPI,Mascara respiratória com valvula e filtro de reposição,,,34.8,6,
PROTECAMP,Jardim,EPI,Mascara respiratoria descartavel poeira. névoa e fumo,,,0.15,1,Caixa com 100 unidades MELHOR VALOR.
PROTECAMP,Jardim,EPI,Mascara respiratoria poeira com valvula,,,45,6,Uso roçadeira e outros ambientes industriais com pó.
PROTECAMP,Jardim,EPI,Óculos de segurança,,,5,12,
PROTECAMP,Jardim,EPI,Perneira de raspa fechamento em velcro,,,21.8,12,
PROTECAMP,Jardim,EPI,Protetor auricular concha,,,8,12,
PROTECAMP,Jardim,EPI,Protetor auricular plug silicone,,,2.5,12,
PROTECAMP,Jardim,EPI,Protetor facial em pvc,,,16,6,Checar se a melhor opção não seria o capacete com protetor facial
PROTECAMP,Jardim,EPI,Protetor solar fps 30 UV 120ml,,,6.33,12,Checar real necessidade
TIP TRAP,Jardim,Equipamento,Equip Aspirador de folhas carrinho gas,MTD gasol mod. 203b,sim,6700,0,DISPONIVEL NA SEDE ENTAO CEDER COMO CORTESIA E COBRAR APENAS MANUTENÇÃO (será usado até o fim de vida do equipamento). Aplicação em grandes áreas. devido seu feixe de aspiração. Motor 4 tempos. potência 6.0 HP. partida manual retrátil. cap bolsa coletora 106L. largura da aspiração 61cm.
ELÉTRICA VALINHOS,Jardim,Equipamento,Equip Cabo extensão elétrica 2x2.5 mm - UNID X METRO,,,3.56,24,CHECAR METRAGEM E BITOLA DO CABO COM RELAÇÃO AO TIPO DE EQUIPAMENTO - Uso em equipamentos de baixa potência. aspirador convencional. lavadora wap. Considerar no custo os plugs macho e fêmea de 10 amp R$ 2.50 cd em mai18.
ELÉTRICA VALINHOS,Jardim,Equipamento,Equip Cabo extensão elétrica 2x4 mm - UNID X METRO,,,4.6,24,CHECAR METRAGEM E BITOLA DO CABO COM RELAÇÃO AO TIPO DE EQUIPAMENTO - Uso em quipamentos de alta potência como: aspiradores industriais. enceradeiras. carrinho de cortar grama. Considerar no custo os plugs macho e fêmea de 10 amp R$ 4.50 cd em mai18.
DUTRA MAQUINAS,Jardim,Equipamento,Equip Cortador grama - Manutenção CORTADOR E DO APARADOR de grama elétrico pequenas áreas,,,250,12,
DUTRA MAQUINAS,Jardim,Equipamento,Equip Cortador grama carrinho eletrico. larg. corte 32 cm 1200 wtts. pequenas areas,,,362,12,CHECAR METRAGEM NECESSARIA e terreno para determinar o melhor tamanho e potencia - neste cortador o uso é doméstico e pequenas áreas de ate 50m2. carrinho só para areas planas e limpas
DUTRA MAQUINAS,Jardim,Equipamento,Equip Cortador grama carrinho gasolina 5.75 HP larg. corte 51cm,,,1233,12,DISPONIVEL NA SEDE muito bom para areas planas. limpas e grandes. IMPORTANTE Precisa de óleo semi sintético inserir combustivel no custo
TIP TRAP,Jardim,Equipamento,Equip Cortador grama e APARADOR lateral elétrico 1000 watts pequenas areas,,,229,12,CHECAR METRAGEM NECESSARIA - uso doméstico e pequenas áreas de ate 50m2 - usa nylon 2.0 mm e não usa faca. marca recomendada Sthill ou trap. uso: parar a cada 20 minutos para a maquina esfriar (esfriar por 15 min - alguns modelos masi caros tem protetor termico desligando sozinho e nao queima se nao for desligado). é ELETRICO. O aparador é mais para aparar cantos do que cortar a grama. checar imagem na internet ele é como uma mini roçadeira e portanto mais facil de usar do que cortadores de grama de carrinho (faca de 30cm e usado para terrenos planos e limpos) também para pequenas areas
PROTECAMP,Jardim,Equipamento,Roçadeira - EPI Cinto paraquedista,,,86,3,Sempre que houver trabalho em taludes com perigo de quedas ou em altura superior a 5 mts. Regulagem na cintura e pernas. 3 pontos de ancoragem REF. MULT 1885A - C.A. 35139
DUTRA MAQUINAS,Jardim,Equipamento,Roçadeira - EPI Corda bombeiro poliamida 12 mm - UNID X METRO,,,3.6,12,Sempre que houver trabalho em taludes com perigo de quedas. CHECAR METRAGEM NECESSARIA. Para uso em trava-quedas e cadeirinha de seguranca para trabalhos em altura.
PROTECAMP,Jardim,Equipamento,Roçadeira - EPI Mosquetão,,,25,12,
DUTRA MAQUINAS,Jardim,Equipamento,Roçadeira - EPI Talabarte Y elastizado c/ absorvedor energia,,,148.68,12,Sempre que houver trabalho em taludes com perigo de quedas.
TIP TRAP,Jardim,Equipamento,Roçadeira - fio nylon 2.0 mm rolo 15 mts,,,20,1,
TIP TRAP,Jardim,Equipamento,Roçadeira - fio nylon 2.7 mm rolo 215 mts,,,139,6,Para roçadeiras modelo FS 160 STHILL
TIP TRAP,Jardim,Equipamento,Roçadeira - fio nylon 2.7 mm rolo 72 mts,,,40,6,Para roçadeiras modelo FS 160 STHILL
TIP TRAP,Jardim,Equipamento,Roçadeira - fio nylon 3.0 mm rolo 312 mts,,,160,12,
DUTRA MAQUINAS,Jardim,Equipamento,Roçadeira - fio nylon 3.0 mm rolo 50mts,,,73.94,12,Para roçadeiras modelo FS 220 STHILL
DUTRA MAQUINAS,Jardim,Equipamento,Roçadeira - galão 10 lts vermelho de polietileno alta densidade para combustíveis,,,140,12,OBRIGATORIO no uso de roçadeiras. Cotar em valinhos qualibombas. cosama e tip tratores. Veja foto na internet tem que ser o homolado no inmetro (mais comm ser o vermelho com bico de saida)
DUTRA MAQUINAS,Jardim,Equipamento,Roçadeira - galão 20 lts vermelho polietileno de alta densidade para combustíveis,,,200,12,OBRIGATORIO no uso de roçadeiras. Cotar em valinhos qualibombas. cosama e tip tratores. Veja foto na internet tem que ser o homolado no inmetro (mais comm ser o vermelho com bico de saida)
DUTRA MAQUINAS,Jardim,Equipamento,Roçadeira - galão 5 lts vermelho de polietileno alta densidade para combustíveis,,,112,12,OBRIGATORIO no uso de roçadeiras. Cotar em valinhos qualibombas. cosama e tip tratores. Veja foto na internet tem que ser o homolado no inmetro (mais comm ser o vermelho com bico de saida)
,Jardim,Equipamento,Roçadeira - gasolina lt,CALCULAR,,0,1,Há um calculo de oleo e gasolina por hora trabalhada ou metragem quadrada
TIP TRAP,Jardim,Equipamento,Roçadeira - lamina faca de 3 pontas,,,66,3,Para roçadeiras modelo FS 220
TIP TRAP,Jardim,Equipamento,Roçadeira - lamina faca reta,,,28.9,3,Para roçadeiras modelos: FS 160 | FS 220
DUTRA MAQUINAS,Jardim,Equipamento,Roçadeira - lamina faca reta roç. carrinho 500mm,,,72,2,
CORT VETOR,Jardim,Equipamento,Roçadeira - manutenção costal/lateral/carrinho gasolina,,,450,12,
DUTRA MAQUINAS,Jardim,Equipamento,Roçadeira - misturador frasco plastico para gasolina e oleo,,,10.78,12,OBRIGATORIO no uso de roçadeiras
REI DO ÓLEO VALINHOS,Jardim,Equipamento,Roçadeira - oleo semi sintético 10W40 lt,,,34,1,O VALOR DEFINIDO DEVE COMPOR OLEO MAIS GASOLINA E RENTABILIDADE/HORAS DE TRABALHO OU METROS QUADRADOS
REI DO ÓLEO VALINHOS,Jardim,Equipamento,Roçadeira - oleo semi sintético 15W40 lt,,,26,1,O VALOR DEFINIDO DEVE COMPOR OLEO MAIS GASOLINA E RENTABILIDADE/HORAS DE TRABALHO OU METROS QUADRADOS
REI DO ÓLEO VALINHOS,Jardim,Equipamento,Roçadeira - oleo semi sintético 5W30 lt,,,34,1,O VALOR DEFINIDO DEVE COMPOR OLEO MAIS GASOLINA E RENTABILIDADE/HORAS DE TRABALHO OU METROS QUADRADOS
JUND TELAS,Jardim,Equipamento,Roçadeira - Tela fachadeira -proteção corte grama 3.00x1.20 alt,Montar no cliente,,40,12,Opção de comprar a tela (pode ser tela comum ou a de sombrite MAIS CARA) e pedir p fazer dentro dos condominios com pessoal de campo. a tela especifica é muito cara e pouco usada. Altura padrão é de 1.20 a 1.50. altera somente a medida do comprimento de 2 a 3 mts.
DUTRA MAQUINAS,Jardim,Equipamento,Roçadeira costal gasolina,,,0,12,Checar se é costal ou lateral a mais comum é a costal porque se adapta tanto a terrenos planos como a taludes incremes. Marca recomendada STHILL DEVIDO A DURABILIDADE E ASSISTENCIA TECNICA EM VALINHOS (Tip tratores)
TIP TRAP,Jardim,Equipamento,Roçadeira elétrica,pequenas areas,,1100,12,Uso doméstico e pequenas áreas - usa nylon 2.0 mm e usa faca 03 pontas. marca trapp/sthill
CORT VETOR,Jardim,Equipamento,Roçadeira lateral gasolina,,,0,12,Sempre que houver trabalho em taludes com perigo de quedas. Checar se é costal ou lateral a mais comum é a costal porque se adapta tanto a terrenos planos como a taludes incremes. Marca recomendada STHILL DEVIDO A DURABILIDADE E ASSISTENCIA TECNICA EM VALINHOS (Tip tratores)
,Jardim,Equipamento,Soprador de folhas - Manutenção,,,450,12,
DUTRA MAQUINAS,Jardim,Equipamento,Soprador de folhas 2 tempos Stihl,,,1038,12,Marca recomendada STHILL DEVIDO A DURABILIDADE E ASSISTENCIA TECNICA EM VALINHOS (Tip tratores)
DUTRA MAQUINAS,Jardim,Ferramenta,Alicate universal,,,23.31,12,
DUTRA MAQUINAS,Jardim,Ferramenta,Aspersor irrigador para rega de grama convencional,,,39.77,12,Checar a real necessidade diamentro da area de rega e resistencia do produto. os preços variam muito
DUTRA MAQUINAS,Jardim,Ferramenta,Caixa de ferramenta de 3 bandejas,,,52.04,12,
DUTRA MAQUINAS,Jardim,Ferramenta,Carrinho pedreiro,,,93.95,12,
ANHANGUERA,Jardim,Ferramenta,Enxada,,,53.9,12,
ANHANGUERA,Jardim,Ferramenta,Enxadão,,,52,12,Mais usual é o enxadão para cavar buracos e plantar mudas que a enxada que é mais para obras
CAMPOLI,Jardim,Ferramenta,Escada alumínio 5 degraus convencional,,,99.8,12,ESTA É A DE NOSSO USO PADRÃO
DUTRA MAQUINAS,Jardim,Ferramenta,Facão,,,42,12,
DUTRA MAQUINAS,Jardim,Ferramenta,Fita isolante peq.,,,2.83,1,
DUTRA MAQUINAS,Jardim,Ferramenta,Foice,,,55.43,12,Função: roçar mato alto
DUTRA MAQUINAS,Jardim,Ferramenta,Forcado,,,81.03,12,Função: recolher pedras menores
ANHANGUERA,Jardim,Ferramenta,kit chaves de fenda/boca,,,30.47,12,Kit deve ser montado com a compra individual de varios modelos e tamanhos necessarios ao serviço de 3 a 6 peças é suficiente
DUTRA MAQUINAS,Jardim,Ferramenta,"Lima para enxada 8""",,,23.42,6,
DUTRA MAQUINAS,Jardim,Ferramenta,Lima para serrote,,,29.32,12,
CAMPOLI,Jardim,Ferramenta,'Mangueira jardim flexivel 1/2''',#NOME?,Não,4,12,Checar distancia de pontos entre torneiras para determinar a metragem
MERCADO LIVRE,Jardim,Ferramenta,Pá de pedreiro,,,20,12,
DUTRA MAQUINAS,Jardim,Ferramenta,Pazinha de jardim,,,4.95,12,
DUTRA MAQUINAS,Jardim,Ferramenta,Serrote de poda gde,,,72,12,
DUTRA MAQUINAS,Jardim,Ferramenta,Serrote de poda peq.,,,33,12,
DUTRA MAQUINAS,Jardim,Ferramenta,Tesoura de poda grande arbusto e grama,,,56,12,
DUTRA MAQUINAS,Jardim,Ferramenta,Tesoura de poda média,,,28,12,
DUTRA MAQUINAS,Jardim,Ferramenta,Tesoura de poda peq.,,,23,12,
DUTRA MAQUINAS,Jardim,Ferramenta,Vassoura de jardim metálica 18 dentes,,,43,12,Checar melhor opçao:plastico ou metal
CAMPOLI,Jardim,Ferramenta,Vassoura jardim ancinho metalica 18 dentes,,,32.9,12,Checar a melhor caso a caso plastico ou metal
CAMPOLI,Jardim,Ferramenta,Vassoura jardim ancinho plastica 18 dentes,,,25,12,Checar a melhor caso a caso plastico ou metal
PROTECAMP,Limpeza,EPI,Avental branco PVC,,,12,6,Uso em todos serviços aux de limpeza. manutenção etc (serv leves)
PROTECAMP,Limpeza,EPI,Bota PVC piso molhado,,,35,12,Cores preta ou branca. Checar a melhor opção em função local de uso
PROTECAMP,Limpeza,EPI,Botina/sapato biqueira de pvc,,,50,12,Cchecar real necessidade já existe um custo do sapato sem biqueira no custo do uniforme
PROTECAMP,Limpeza,EPI,Colete refletivo tipo X somente tiras cruzadas,,,12,12,Este modelo tem menor custo e funciona bem
DUTRA MAQUINAS,Limpeza,EPI,Luva nitrilica,,,7.5,2,Uso em todos os serv de limpeza leves e padrão. Duram mais que a de PVC comum e são recomendadas pela segurança e durabilidade. Uso OBRIGATORIO PARA AREA DE LIMPEZA. NÃO USAR LUVAS DE PVC
PROTECAMP,Limpeza,EPI,Mascara com valvula PFF2,,,3.7,6,Uso OBRIGATORIO para limpeza. uso de quimicos. cloro etc. é padrão
,Limpeza,Equipamento,Aspirador água e pó - manutenção - grande,,sim,350,12,CONSIDERAR TAMANHO. PREÇO E OUTROS FATORES NO VALOR
DUTRA MAQUINAS,Limpeza,Equipamento,Aspirador água e pó - manutenção - medio,,sim,250,12,CONSIDERAR TAMANHO. PREÇO E OUTROS FATORES NO VALOR
DUTRA MAQUINAS,Limpeza,Equipamento,Aspirador água e pó 20L,,sim,313,12,Boa opção marca Karcher. checar o modelo nas ultimas compras na controladoria
ANHANGUERA,Limpeza,Equipamento,Aspirador água e pó 48lts,,sim,899,12,Boa opção marca Karcher. checar o modelo nas ultimas compras na controladoria
,Limpeza,Equipamento,Aspirador água e pó 80 lts,Industrial,sim,1600,12,OPÇÃO: Locação baluarte JUL18: + R$ 90.00 filtro - Locação anual R$ 300.00 c/ filtro.
,Limpeza,Equipamento,Aspirador pó - saco descartavel com 3 unid.,,,18,4,CONSIDERAR TAMANHO E OUTROS FATORES NO VALOR
,Limpeza,Equipamento,Aspirador pó convencional,,,0,0,
,Limpeza,Equipamento,Aspirador pó convencional - manutenção,,,150,13,Uso muito esporadico normalmente usamos agua e pó pequeno da karcher checar o modelo nas ultimas compras na controladoria
ELÉTRICA VALINHOS,Limpeza,Equipamento,Cabo extensão elétrica 2x2.5 mm - UNID X METRO,,,3.56,24,CHECAR METRAGEM E BITOLA DO CABO COM RELAÇÃO AO TIPO DE EQUIPAMENTO - Uso em equipamentos de baixa potência. aspirador convencional. lavadora wap. Considerar no custo os plugs macho e fêmea de 10 amp R$ 2.50 cd em mai18.
,Limpeza,Equipamento,Cabo extensão elétrica 2x4 mm - UNID X METRO,,,4.6,24,CHECAR METRAGEM E BITOLA DO CABO COM RELAÇÃO AO TIPO DE EQUIPAMENTO - Uso em quipamentos de alta potência como: aspiradores industriais. enceradeiras. carrinho de cortar grama. Considerar no custo os plugs macho e fêmea de 10 amp R$ 4.50 cd em mai18.
DUTRA MAQUINAS,Limpeza,Equipamento,Enceradeira industrial - escova nylon 350 nylon,,,83.5,12,
,Limpeza,Equipamento,Enceradeira industrial - escova nylon 400 nylon,,,0,12,
,Limpeza,Equipamento,Enceradeira industrial - escova nylon 500 nylon,,,0,12,
,Limpeza,Equipamento,Enceradeira industrial - manutenção,,,250,12,
DUTRA MAQUINAS,Limpeza,Equipamento,Enceradeira industrial 350mm,,,1230,12,Checar se disponivel na sede. Analisar bem a real necessidade de uma enceradeira 100% do tempo no cliente ou disponibilizar esporadicamente sem custo maior ao cliente. Ex: piso frio. pisos novos. etc
,Limpeza,Equipamento,Enceradeira industrial 440mm,,,0,12,Boa marca para compra é CLEANER. Analisar bem a real necessidade de uma enceradeira 100% do tempo no cliente ou disponibilizar esporadicamente sem custo maior ao cliente. Ex: piso frio. pisos novos. etc
DUTRA MAQUINAS,Limpeza,Equipamento,Enceradeira industrial 510mm,,,1575,12,Analisar bem a real necessidade de uma enceradeira 100% do tempo no cliente ou disponibilizar esporadicamente sem custo maior ao cliente. Ex: piso frio. pisos novos. etc
CAMPOLI,Limpeza,Equipamento,Enceradeira/lavadora piso - disco 350 branco (Polimento),,,16.5,2,CHECAR SE É MARCA 3M E COMPARAR PREÇO E DURABILIDADE
CAMPOLI,Limpeza,Equipamento,Enceradeira/lavadora piso - disco 350 preto (Removedor),,,16.5,2,CHECAR SE É MARCA 3M E COMPARAR PREÇO E DURABILIDADE
CAMPOLI,Limpeza,Equipamento,Enceradeira/lavadora piso - disco 350 verde (Limpeza),,,16.5,2,CHECAR SE É MARCA 3M E COMPARAR PREÇO E DURABILIDADE
CAMPOLI,Limpeza,Equipamento,Enceradeira/lavadora piso - disco 440 preto (Removedor),,,26.9,2,CHECAR SE É MARCA 3M E COMPARAR PREÇO E DURABILIDADE
CAMPOLI,Limpeza,Equipamento,Enceradeira/lavadora piso - disco 440 verde (Limpeza),,,26.9,2,CHECAR SE É MARCA 3M E COMPARAR PREÇO E DURABILIDADE
CAMPOLI,Limpeza,Equipamento,Enceradeira/lavadora piso - disco 510 branco (Polimento),,,37.8,2,CHECAR SE É MARCA 3M E COMPARAR PREÇO E DURABILIDADE
CAMPOLI,Limpeza,Equipamento,Enceradeira/lavadora piso - disco 510 preto (Removedor),,,37.8,2,CHECAR SE É MARCA 3M E COMPARAR PREÇO E DURABILIDADE
CAMPOLI,Limpeza,Equipamento,Enceradeira/lavadora piso - disco 510 verde (Limpeza),,,37.8,3,CHECAR SE É MARCA 3M E COMPARAR PREÇO E DURABILIDADE
CAMPOLI,Limpeza,Equipamento,Enceradeira/lavadora piso- disco 440 branco (Polimento),,,26.9,2,CHECAR SE É MARCA 3M E COMPARAR PREÇO E DURABILIDADE
,Limpeza,Equipamento,Lavadora de alta pressão - manutenção,,,280,12,
DUTRA MAQUINAS,Limpeza,Equipamento,Lavadora de alta pressão 1740 libras,,,480,12,CHECAR 110 OU 220VOLTS ultimas compras INTERNET marca Wap mod Lider 2200 pressão 1800 lbs uso domestico garantia extendida por 2 anos
,Limpeza,Equipamento,Varredora convendional - manutenção,,,380,12,CONSIDERAR TAMANHO E OUTROS FATORES NO VALOR
,Limpeza,Equipamento,Varredora de piso convencional,wap modelo BK800,,0,12,Checar melhor modelo em função da necessidade da proposta
CAMPOLI,Limpeza,Produto,Álcool 46.2º convencional 1 lt,,,4,1,
CAMPOLI,Limpeza,Produto,Álcool 92º para TAREFAS ESPECIAIS 1 lt,,,6.4,1,
CAMPOLI,Limpeza,Produto,Álcool gel 1 lt,,,8.2,1,
CAMPOLI,Limpeza,Produto,Álcool gel 5 lts,,,35.9,1,
CAMPOLI,Limpeza,Produto,Álcool gel 500 ml,,,4.7,1,
CAMPOLI,Limpeza,Produto,Balde plástico 10 lts,,,4.6,6,
CAMPOLI,Limpeza,Produto,Balde plástico 15 lts,,,6.8,6,
CAMPOLI,Limpeza,Produto,Balde plástico 20 lts,,,9.9,6,Checar baldes muito grande podem ser pesados para o uso
CAMPOLI,Limpeza,Produto,Cloro 5% 20 lts,,,0,0,ATENÇÃO o cloro não deve ser de 1% porque é muito fraco e o de 10% é forte demais
CAMPOLI,Limpeza,Produto,Cloro 5% 5 lts,Harmoniex,,9.3,1,ATENÇÃO o cloro não deve ser de 1% porque é muito fraco e o de 10% é forte demais
CAMPOLI,Limpeza,Produto,Desengraxante industrial pisos e peças 5 lts,,,27.1,1,
CAMPOLI,Limpeza,Produto,Desengraxante para mãos em pasta 1 Kg,,,9.5,1,
CAMPOLI,Limpeza,Produto,Desengraxante para mãos líq. /gel 1 lt,,,0,1,
CAMPOLI,Limpeza,Produto,Desentupidor pia,,,2.4,12,
CAMPOLI,Limpeza,Produto,Desentupidor vaso sanitário,,,4.9,12,
CAMPOLI,Limpeza,Produto,Desincrustador vaso sanitário bowl cleanse 1 lt,Spartan,,21,8,Bowl cleanse marca spartan é o melhor.Ter cuidados uso exclusivo para tirar manchasinternas de vasos sanitarios. não usar em azulejos e pisos
CAMPOLI,Limpeza,Produto,Desincrustador vaso sanitário bowl cleanse 1 lt,,,0,0,
CAMPOLI,Limpeza,Produto,Desinfetante floral 20 lts,,,0,1,
CAMPOLI,Limpeza,Produto,Desinfetante floral 5 lts,,,5.9,1,
CAMPOLI,Limpeza,Produto,Detergente neutro 20 lts,,,0,1,
CAMPOLI,Limpeza,Produto,Detergente neutro 5 lts,,,7.9,1,
CAMPOLI,Limpeza,Produto,Detergente neutro 500 ml,,,1.55,1,
CAMPOLI,Limpeza,Produto,Detergente alcalino BLDFresh 5 lts,,,110,0,
CAMPOLI,Limpeza,Produto,Escova lava tanque tipo oval,,,1.8,3,
CAMPOLI,Limpeza,Produto,Escova sanitária lavatina redonda,,,2.8,6,
CAMPOLI,Limpeza,Produto,Espanador pequeno,,,2.4,12,
CAMPOLI,Limpeza,Produto,Fibra esponja dupla face,,,2.4,1,
CAMPOLI,Limpeza,Produto,Fibra LT - Suporte da base com cabo tam. grande,,,14.5,12,
CAMPOLI,Limpeza,Produto,Fibra LT - Suporte da base tam grande 102x260mm,,,0,1,
CAMPOLI,Limpeza,Produto,Fibra LT 102x260mm branca limpeza leve,,,1,1,
CAMPOLI,Limpeza,Produto,Fibra LT 102x260mm preta/fibraço limpeza pesada RISCOS,,,1,1,Limpeza pesada superficie resistente porque risca
CAMPOLI,Limpeza,Produto,Fibra LT 102x260mm verde uso geral,,,2.2,1,
CAMPOLI,Limpeza,Produto,Flanela amarela 28x48cm,,,1.1,1,
CAMPOLI,Limpeza,Produto,Flanela branca 28 x48,,,1.1,2,
CAMPOLI,Limpeza,Produto,Limpa carpete 5 lts,,,27.1,1,
CAMPOLI,Limpeza,Produto,Limpa inox 500 ml,,,18.9,6,
CAMPOLI,Limpeza,Produto,Limpa pedra 20 lts,,,9.5,1,CUIDADO AO USO DE LIMPA PEDRAS NÃO PODE SER USADO EM PISO CERAMICO E OUTROS. LIMPA PEDRA SÓ PODE SER USADO EM PEDRAS
CAMPOLI,Limpeza,Produto,Limpa pedra 5 lts,,,2.4,12,CUIDADO AO USO DE LIMPA PEDRAS NÃO PODE SER USADO EM PISO CERAMICO E OUTROS. LIMPA PEDRA SÓ PODE SER USADO EM PEDRAS
CAMPOLI,Limpeza,Produto,Limpa vidros 5 lts,,,21,4,Checar a real necessidade muitas vezes é usado apenas o detergente neutro
CAMPOLI,Limpeza,Produto,Limpa vidros 500 ml,,,4.9,8,Checar a real necessidade muitas vezes é usado apenas o detergente neutro
CAMPOLI,Limpeza,Produto,Limpador multi uso 5 lts,tipo veja,,5.9,1,
CAMPOLI,Limpeza,Produto,Limpador multi uso 20 lts,tipo veja,,0,1,
CAMPOLI,Limpeza,Produto,Limpador multi uso 500 ml,tipo veja,,1.55,1,
CAMPOLI,Limpeza,Produto,Lustra móveis 200 ml,,,7.9,1,
CAMPOLI,Limpeza,Produto,Pá lixo plástica cabo longo,,,4.9,12,
CAMPOLI,Limpeza,Produto,Pá lixo tipo bituca com tampa,,,27,12,
CAMPOLI,Limpeza,Produto,Pano limpeza alvejado especial 10 batidas 90x70,,,3.5,1,
CAMPOLI,Limpeza,Produto,Pano multiuso tipo perflex C/5 unidades,,,2.1,10,
CAMPOLI,Limpeza,Produto,Pedra Sanitária c/ alça plástica,,,2.25,1,
CAMPOLI,Limpeza,Produto,Polidor metais 200 ml,,,23.9,2,
CAMPOLI,Limpeza,Produto,Rodo 1 mt borracha puxa e seca - madeira,,,14.8,3,Uso muito esporadico devido tamanho. somente p grandes areas
CAMPOLI,Limpeza,Produto,Rodo 30 cm borracha puxa e seca - madeira,,,4.2,4,
CAMPOLI,Limpeza,Produto,Rodo 40 cm borracha puxa e seca - madeira,,,4.6,4,
CAMPOLI,Limpeza,Produto,Rodo 60 cm borracha puxa e seca - madeira,,,5.8,3,
CAMPOLI,Limpeza,Produto,Rodo 80 cm borracha puxa e seca - madeira,,,8.8,3,
CAMPOLI,Limpeza,Produto,Sabão em pó 1 kg,,,3.99,1,
CAMPOLI,Limpeza,Produto,Sabão em pó 5 kg,,,37.5,2,
CAMPOLI,Limpeza,Produto,Sabão pedra 5x200 grs,,,5.45,1,
CAMPOLI,Limpeza,Produto,Sabão pedra coco 5x200 grs LIMPEZA ESPECIAIS,,,8.9,1,
CAMPOLI,Limpeza,Produto,Sapolio cremoso 300 ml,,,3.5,1,
CAMPOLI,Limpeza,Produto,Vassoura limpa teto de sisal com cabo extensor madeira,,,15.3,12,
CAMPOLI,Limpeza,Produto,Vassoura nylon tipo noviça macia,,,3.99,2,
CAMPOLI,Limpeza,Produto,Vassoura nylon tipo piaçava dura,,,6.7,1,
CAMPOLI,Limpeza,Produto,Vassoura palha,,,10.9,2,
CAMPOLI,Limpeza,Produto,Vassoura prefeitura gari nylon 40cm,,,6.3,1,
CAMPOLI,Limpeza,Produto,Vassoura prefeitura gari nylon 60cm,,,9.3,2,
CAMPOLI,Limpeza,Utensílio,Carro coletor lixo 120 lts poliprop com tampa leve,JSN,,175,12,Checar a necessidade de compra com tampa ou sem tampa E O PESO A SER COLOCADO - padrão escritorio pouco peso leve ou reforçado recolhas pesadas
CAMPOLI,Limpeza,Utensílio,Carro coletor lixo 120 lts poliprop com tampa reforçado,,,210,0,Checar a necessidade de compra com tampa ou sem tampa E O PESO A SER COLOCADO - padrão escritorio pouco peso ou reforçado recolhas pesadas
CAMPOLI,Limpeza,Utensílio,Carro coletor lixo 240 lts poliprop com tampa,,,250,12,Checar a necessidade de compra com tampa ou sem tampa E O PESO A SER COLOCADO - padrão escritorio pouco peso ou reforçado recolhas pesadas
CAMPOLI,Limpeza,Utensílio,Carro coletor lixo 370 lts poliprop com tampa,,,0,12,Checar a necessidade de compra com tampa ou sem tampa E O PESO A SER COLOCADO - padrão escritorio pouco peso ou reforçado recolhas pesadas
CAMPOLI,Limpeza,Utensílio,Carro funcional,Completo,,460,12,
CAMPOLI,Limpeza,Utensílio,Escada alumínio 5 degraus convencional,,,109.9,12,ATENÇÃO NÃO FAZEMOS TRABALHO EM ALTURA. CHECAR MELHOR O TAMANHO DA ESCADA A SER USADA COM O TEC DE SEGURANÇA DA IRON
DUTRA MAQUINAS,Limpeza,Utensílio,Escada alumínio 6 degraus,,,133.76,12,ATENÇÃO NÃO FAZEMOS TRABALHO EM ALTURA. CHECAR MELHOR O TAMANHO DA ESCADA A SER USADA COM O TEC DE SEGURANÇA DA IRON
CAMPOLI,Limpeza,Utensílio,Escada alumínio 7 degraus,,,168.9,12,ATENÇÃO NÃO FAZEMOS TRABALHO EM ALTURA. CHECAR MELHOR O TAMANHO DA ESCADA A SER USADA COM O TEC DE SEGURANÇA DA IRON
CAMPOLI,Limpeza,Utensílio,Jarra dosadora,,,6.9,12,
CAMPOLI,Limpeza,Utensílio,Limpador vidro - borracha do rodo 35 cm,,,6.9,2,Checar depreciação
CAMPOLI,Limpeza,Utensílio,Limpador vidro - borracha do rodo 45 cm,,,12.5,2,Checar depreciação
CAMPOLI,Limpeza,Utensílio,Limpador vidro - combinado vice e versa 35cm,,,35,12,
CAMPOLI,Limpeza,Utensílio,Limpador vidro - combinado vice e versa 45cm,,,55,12,
CAMPOLI,Limpeza,Utensílio,Limpador vidro - haste extensora 2.5 mts,,,45,12,Checar qual a metragem necessaria no cliente
CAMPOLI,Limpeza,Utensílio,Limpador vidro - haste extensora 5 mts,,,99,12,
CAMPOLI,Limpeza,Utensílio,Limpador vidro - haste extensora 6 mts,,,172,12,
CAMPOLI,Limpeza,Utensílio,Limpador vidro - haste extensora 7.5 mts,,,200,12,
CAMPOLI,Limpeza,Utensílio,Limpador vidro - haste extensora 9 mts,,,295,12,
CAMPOLI,Limpeza,Utensílio,Limpador vidro - luva 35 cm,,,2.4,2,Checar depreciação
CAMPOLI,Limpeza,Utensílio,Limpador vidro - luva 45 cm,,,2.8,6,Checar depreciação
CAMPOLI,Limpeza,Utensílio,'Mangueira jardim flexivel 1/2''',UNID X METRO,,4,12,Checar distancia de pontos entre torneiras para determinar a metragem
CAMPOLI,Limpeza,Utensílio,Mop agua - Balde espremedor c/ carrinho,,,0,12,
DUTRA MAQUINAS,Limpeza,Utensílio,Mop agua - Balde espremedor c/ rodízios,,,294.07,12,
DUTRA MAQUINAS,Limpeza,Utensílio,Mop agua - Balde espremedor duplo c/ rodízios,,,439.06,12,
DUTRA MAQUINAS,Limpeza,Utensílio,Mop água - cabeleira semi sintetica,,,0,2,Checar preço e melhor opção de cabeleira
CAMPOLI,Limpeza,Utensílio,Mop água - cabeleira sintetica,,,18.6,2,Checar preço e melhor opção de cabeleira
CAMPOLI,Limpeza,Utensílio,Mop água - garra e cabo alumínio,,,40.3,12,
CAMPOLI,Limpeza,Utensílio,Mop pó - base e cabo aluminio 1mt,,,0,12,
CAMPOLI,Limpeza,Utensílio,Mop pó - base e cabo aluminio 60cm,,,39.8,12,
CAMPOLI,Limpeza,Utensílio,Mop pó - base e cabo aluminio 80cm,,,45.9,12,
CAMPOLI,Limpeza,Utensílio,Mop pó - base e caboaluminio 40cm,,,36.4,12,
,Limpeza,Utensílio,Mop pó - cabeleira 1mt,,,45.9,3,
CAMPOLI,Limpeza,Utensílio,Mop pó - cabeleira 40cm,,,19.9,3,
CAMPOLI,Limpeza,Utensílio,Mop pó - cabeleira 60cm,,,24.9,3,
CAMPOLI,Limpeza,Utensílio,Mop pó - cabeleira 80cm,,,31.2,3,
CAMPOLI,Limpeza,Utensílio,Pulverizador spray plastico 500 ml,,,5.9,12,
CAMPOLI,Limpeza,Utensílio,Sinalizador piso molhado,,,29.9,12,Disponivel na sede. modelo tripé
CAMPOLI,Limpeza,Utensílio,Varal de chão metal retrátil sem abas,,,42,12,Checar real necessidade e tamanho do local
CAMPOLI,Limpeza,Utensílio,Corda para varal aço reforçada 20 mts,Art Varal,,8.9,12,
,Seg/Port,Seg/Port,Armamento e munição,,,959.04,12,Checar valores com a Alice
,Seg/Port,Seg/Port,Bastão de ronda,,,1096.68,12,Checar valores com a Alice
,Seg/Port,Seg/Port,Bastão de ronda - manutenção,,,0,12,
,Seg/Port,Seg/Port,Bau para moto 45lts,,,150,12,Checar o valor com instalação. Checar com a Operação qual é o melhor tamanho. Opção de tamanhos 25lts e 80 lts.
,Seg/Port,Seg/Port,Button de ronda,,,9.48,12,Checar valores com a Alice
,Seg/Port,Seg/Port,Caixa de aço chaveada,,,110,12,Guarda até 2 armas. Checar com a Operação a melhor opção: caixa chaveada (2 armas) ou cofre.
,Seg/Port,Seg/Port,Capa de chuva convencional,,,16.44,12,Checar valores com a Alice
,Seg/Port,Seg/Port,Capacete e roupa de chuva motoqueiro,,,153.6,12,Checar valores com a Alice
,Seg/Port,Seg/Port,Celular,,,420,12,Checar valores com a Alice
,Seg/Port,Seg/Port,Celular - manutenção,,,0,12,
,Seg/Port,Seg/Port,Cofre,Para arma,,185,12,
,Seg/Port,Seg/Port,Colete balistico,,,315,12,Checar valores com a Alice
,Seg/Port,Seg/Port,Giroflex para carro padrao,,,80,12,Checar o valor com instalação. Melhor compra furacão em campinas ou internet. checar com a Controladoria o de nosso padrão de compra
,Seg/Port,Seg/Port,Giroflex para moto com haste 60 cm,,,165,12,Checar o valor com instalação. Checar com a Operação qual é o melhor tamanho. Opção de tamanhos 25lts e 80 lts.
,Seg/Port,Seg/Port,Lanterna,,,49.68,12,Checar valores com a Alice
,Seg/Port,Seg/Port,Ombrelone,,,0,12,Checar valores com a Alice
,Seg/Port,Seg/Port,Rádio Ht,,,1698.6,12,Checar valores com a Alice
,Seg/Port,Seg/Port,Rádio Ht - manutenção,,,0,12,Checar valores com a Alice
