4.0   , ADAMANTINA                 , (18)3502-9000 , LUCIANA      , FISCALIZAÇÃO
5.0   , ADOLFO                     , (17)3814-9020 , CRISTIANE    , TRIBUTAÇÃO
3.0   , AGUAÍ                      , (19)3653-7100 , NATHALIA     , TRIBUTAÇÃO
3.0   , ÁGUAS DA PRATA             , (19)3642-1021 , THÂNIA       , FISCALIZAÇÃO
4.0   , ÁGUAS DE LINDÓIA           , (19)3924-9314 , FABIANO      , LANÇADORIA
5.0   , ÁGUAS DE SANTA BÁRBARA     , (14)3765-1321 , FERNANDO     , TRIBUTAÇÃO
5.0   , ÁGUAS DE SÃO PEDRO         , (19)3482-7100 , NELSON       , FISCALIZAÇÃO
2.0   , AGUDOS                     , (14)3262-8500 , EVANDRO      , TRIBUTAÇÃO
4.0   , ALAMBARI                   , (15)3274-9000 , SITE         , SITE
3.0   , ALFREDO MARCONDES          , (18)3266-4090 , ELEN         , TRIBUTOS
3.0   , ALTAIR                     , (17)3889-1286 , RICARDO      , TRIBUTAÇÃO
4.0   , ALTINÓPOLIS                , (16)3665-9500 , ANA PAULA    , TRIBUTAÇÃO
5.0   , ALTO ALEGRE                , (18)3657-9000 , GOMES        , LANÇADORIA
5.0   , ALUMÍNIO                   , (11)4715-5500 , JOSÉ CARLOS  , TRIBUTAÇÃO
3.0   , ÁLVARES FLORENCE           , (17)3486-9000 , JORGE        , TRIBUTAÇÃO
5.0   , ÁLVARES MACHADO            , (18)3273-9300 , GABRIELA     , TRIBUTAÇÃO
3.0   , ÁLVARO DE CARVALHO         , (14)3484-1119 , JOCILEIA     , TRIBUTOS
2.0   , ALVINLÂNDIA                , (14)3473-1105 , CÉSAR        , TRIBUTOS
3.0   , AMERICANA                  , (19)3475-9000 , VERA         , AUDITORIA
3.0   , AMÉRICO BRASILIENSE        , (16)3393-9600 , FELIPE       , TRIBUTOS
5.0   , AMÉRICO DE CAMPOS          , (17)3445-1970 , GALO         , TRIBUTOS
5.0   , AMPARO                     , (19)3817-9300 , ISABEL       , TRIBUTOS
3.0   , ANALÂNDIA                  , (19)3566-1220 , GILBERTO     , FISCALIZAÇÃO
3.0   , ANDRADINA                  , (18)3702-1000 , WILSE        , ISS
2.0   , ANGATUBA                   , (15)3255-9500 , CRISTIANE    , TRIBUTOS
5.0   , ANHEMBI                    , (14)3884-9020 , ELAINE       , TRIBUTOS
5.0   , ANHUMAS                    , (18)3286-1140 , BRAZ         , TRIBUTOS
5.0   , APARECIDA                  , (12)3104-4000 , PAOLA        , FISCALIZAÇÃO
3.0   , APARECIDA D´OESTE          , (17)3635-1757 , ELIANE       , TRIBUTOS
3.5   , APIAÍ                      , (15)3552-8843 , HEITOR       , TRIBUTOS
2.0   , ARAÇARIGUAMA               , (11)4136-4900 , RAQUEL       , TRIBUTOS
4.0   , ARAÇATUBA                  , (18)3607-6569 , MARCELO      , TRIBUTOS
2.0   , ARAÇOIABA DA SERRA         , (15)3281-7000 , JAQUELINE    , RECEITA
2.0   , ARAMINA                    , (16)3752-7017 , LETICIA      , TRIBUTOS
3.0   , ARANDÚ                     , (14)3766-9022 , RAFAELA      , TRIBUTOS
5.0   , ARAPEÍ                     , (12)3115-1194 , CLAUDEMIR    , TRIBUTOS
5.0   , ARARAQUARA                 , (16)3301-5000 , MARCIA       , FISCALIZAÇÃO
5.0   , ARARAS                     , (19)3547-3000 , PIETRA       , FISCALIZAÇÃO
5.0   , ARCO- ÍRIS                 , (14)3477-1128 , ELAINE       , TRIBUTOS
3.0   , AREALVA                    , (14)3296-1333 , MATHEUS      , TRIBUTOS
5.0   , AREIAS                     , (12)3107-9100 , JOSÉ         , TRIBUTOS
5.0   , AREIÓPOLIS                 , (14)3846-9800 , MURILO       , TRIBUTOS
5.0   , ARIRANHA                   , (17)3576-9200 , JESSICA      , TRIBUTOS
2.5   , ARTHUR NOGUEIRA            , (19)3827-9700 , RONEIDE      , LANÇADORIA
5.0   , ARUJÁ                      , (11)4652-7638 , SITE         , SITE
5.0   , ASPÁSIA                    , (17)3664-8780 , ONDINA       , TRIBUTOS
3.5   , ASSIS                      , (18)3302-3300 , LOURIVAL     , TRIBUTOS
5.0   , ATIBAIA                    , (11)4414-2750 , RICARDO      , FISCALIZAÇÃO
4.0   , AURIFLAMA                  , (17)3482-9000 , ANIELE       , TRIBUTOS
5.0   , AVAÍ                       , (14)3287-1134 , CIRO         , TRIBUTOS
5.0   , AVANHANDAVA                , (18)3651-9200 , ROSELI       , TRIBUTOS
3.0   , AVARÉ                      , (14)3711-2532 , RAFAEL       , ALVARÁ
5.0   , BADY BASSITT               , (17)3818-5100 , ELISANGELA   , ISS
5.0   , BALBINOS                   , (14)3583-9100 , ROBERTA      , TRIBUTOS
2.0   , BÁLSAMO                    , (17)3264-1209 , MARCELO      , TRIBUTOS
5.0   , BANANAL                    , (12)3116-9020 , SEBASTIÃO    , TRIBUTOS
3.0   , BARÃO DE ANTONINA          , (15)3573-1170 , SERGIO       , LANÇADORIA
4.0   , BARBOSA                    , (18)3655-9133 , CASSIA       , TRIBUTOS
2.0   , BARIRI                     , (14)3662-9200 , MELINA       , FISCALIZAÇÃO
3.0   , BARRA BONITA               , (14)3604-4000 , SIDNEIA      , FISCALIZAÇÃO
5.0   , BARRA DO CHAPÉU            , (15)3554-1154 , SIDNEY       , TRIBUTOS
5.0   , BARRA DO TURVO             , (15)3578-9444 , WILLIAN      , TRIBUTOS
5.0   , BARRETOS                   , (17)3321-1128 , CHARLES      , FISCALIZAÇÃO
3.0   , BARRINHA                   , (16)3943-9400 , TIAGO        , TRIBUTARIO
5.0   , BARUERI                    , (11)4199-8000 , FELIPE       , ISS
3.0   , BASTOS                     , (14)3478-9800 , MIDURE       , ISS
4.0   , BATATAIS                   , (16)3761-2999 , ANDREIA      , TRIBUTOS
2.0   , BAURU                      , (14)3223-1514 , SITE         , SITE
3.0   , BEBEDOURO                  , (17)3345-9100 , SILVIA       , TRIBUTOS
2.0   , BENTO DE ABREU             , (18)3601-9200 , IRACELIA     , TRIBUTOS
4.0   , BERNARDINO DE CAMPOS       , (14)3346-8000 , SANDRA       , TRIBUTOS
3.0   , BERTIOGA                   , (13)3319-8000 , RONALDO      , FISCALIZAÇÃO
5.0   , BILAC                      , (18)3659-9232 , FRAN         , LANÇADORIA
4.0   , BIRIGUI                    , (18)3643-6153 , MARCOS       , CADASTRO MOBILIARIO
5.0   , BIRITIBA MIRIM             , (11)4692-6275 , ANA          , DIVIDA ATIVA
3.0   , BOA ESPERANÇA DO SUL       , (16)3326-4020 , JOÃO CARLOS  , TRIBUTOS
2.5   , BOCAINA                    , (14)3666-8000 , LAURENCIO    , TRIBUTOS
4.0   , BOFETE                     , (14)3883-9300 , ILZA         , TRIBUTOS
2.0   , BOITUVA                    , (15)3363-8800 , RENATO       , FISCALIZAÇÃO
2.0   , BOM JESUS DOS PERDÕES      , (11)4012-1000 , EVA          , TRIBUTOS
5.0   , BOM SUCESSO DE ITARARÉ     , (15)3533-1381 , HELOISA      , TRIBUTOS
3.0   , BORÁ                       , (18)3367-1103 , ISABELA      , TRIBUTOS
2.0   , BORACÉIA                   , (14)3295-9100 , DANIEL       , TRIBUTOS
5.0   , BORBOREMA                  , (16)3266-9200 , DANIEL       , TRIBUTOS
2.0   , BOREBI                     , (14)3267-8900 , FABIO        , TRIBUTOS
2.0   , BOTUCATU                   , (14)3811-1414 , VANIA        , ISS
3.0   , BRAGANÇA PAULISTA          , (11)4034-7261 , CELSO        , TRIBUTOS
3.0   , BRAÚNA                     , (18)3692-9200 , CLEONICE     , TRIBUTOS
4.0   , BREJO ALEGRE               , (18)3646-8877 , MILENE       , TRIBUTOS
2.0   , BRODOWSKI                  , (16)3664-9100 , MARCIA       , TRIBUTOS
5.0   , BROTAS                     , (14)3653-9900 , ARISTEU      , FISCALIZAÇÃO
3.5   , BURI                       , (15)3546-1211 , JOSÉ LUIS    , TRIBUTOS
2.0   , BURITAMA                   , (18)3691-9200 , GUILHERME    , TRIBUTOS
2.0   , BURITIZAL                  , (16)3751-9147 , JEAN         , TRIBUTOS
5.0   , CABRÁLIA PAULISTA          , (14)3285-1244 , JUNIOR       , TRIBUTOS
3.0   , CABREÚVA                   , (11)4528-8300 , SIRLENE      , CADASTRO
3.0   , CAÇAPAVA                   , (12)3654-6633 , ROBERTO      , FISCALIZAÇÃO
5.0   , CACHOEIRA PAULISTA         , (12)3101-1333 , KATIA        , TRIBUTOS
2.0   , CACONDE                    , (19)3662-7199 , JEFFERSON    , TRIBUTOS
5.0   , CAFELÂNDIA                 , (14)3556-8000 , ADRIANA      , TRIBUTOS
2.0   , CAIABU                     , (18)3285-1113 , MARTA        , TRIBUTOS
5.0   , CAIEIRAS                   , (11)4445-9246 , NATHALIA     , RECEITA
5.0   , CAIUÁ                      , (18)3278-9999 , REGIS        , TRIBUTOS
3.0   , CAJAMAR                    , (11)4446-7699 , JOSÉ         , TRIBUTOS
5.0   , CAJATI                     , (13)3854-8676 , LUCIANO      , FISCALIZAÇÃO
3.0   , CAJOBI                     , (17)3563-9000 , IAGO         , TRIBUTOS
3.0   , CAJURU                     , (16)3667-9911 , RAFAELA      , LANÇADORIA
2.0   , CAMPINA DO MONTE ALEGRE    , (15)3256-1212 , ANA          , TRIBUTOS
5.0   , CAMPINAS                   , (19)3755-6000 , SITE         , SITE
3.0   , CAMPO LIMPO PAULISTA       , (11)4039-8355 , MARIA        , FISCALIZAÇÃO
5.0   , CAMPOS DO JORDÃO           , (12)3668-5452 , SILVIA       , ISS
5.0   , CAMPOS NOVOS PAULISTA      , (14)3476-1144 , JUNINHO      , TRIBUTOS
5.0   , CANANÉIA                   , (13)3851-5100 , ROBERTO      , TRIBUTOS
5.0   , CANAS                      , (12)3151-6000 , SITE         , SITE
4.0   , CÂNDIDO MOTA               , (18)3341-9350 , DANIELA      , TRIBUTOS
2.0   , CÂNDIDO RODRIGUES          , (16)3257-1133 , JULIANA      , TRIBUTOS
3.0   , CANITAR                    , (14)3343-9100 , CLAUDIA      , TRIBUTOS
3.5   , CAPÃO BONITO               , (15)3543-9900 , MAICON       , TRIBUTAÇÃO
3.0   , CAPELA DO ALTO             , (15)3267.8800 , ISMAEL       , TRIBUTOS
5.0   , CAPIVARI                   , (19)3492-9200 , MARCOS       , FISCALIZAÇÃO
2.0   , CARAGUATATUBA              , (12)3897-8202 , MAURICIO     , ISS
5.0   , CARAPICUÍBA                , (11)4164-5500 , RENATO       , RENDAS
3.0   , CARDOSO                    , (17)3466-3900 , LÉO          , TRIBUTOS
5.0   , CASA BRANCA                , (19)3671-9720 , MATHEUS      , TRIBUTOS
3.0   , CÁSSIA DOS COQUEIROS       , (16)3669-1123 , RONALDO      , TRIBUTOS
4.0   , CASTILHO                   , (18)3741-9000 , MARIANE      , TRIBUTOS
4.0   , CATANDUVA                  , (17)3531-9192 , SITE         , SITE
3.0   , CATIGUÁ                    , (17)3564-9500 , FERNANDO     , TRIBUTOS
5.0   , CEDRAL                     , (17)3266-9600 , PATRICIA     , IMPOSTOS
5.0   , CERQUEIRA CÉSAR            , (14)3714-7200 , ARIELE       , TRIBUTOS
2.0   , CERQUILHO                  , (15)3384-9111 , CARLOS       , TRIBUTOS
3.0   , CESÁRIO LANGE              , (15)3246-8600 , RODRIGO      , TRIBUTOS
5.0   , CHARQUEADA                 , (19)3186-9000 , FERNANDA     , RECEITA
5.0   , CHAVANTES                  , (14)3342-9200 , MARCELO      , TRIBUTAÇÃO
2.0   , CLEMENTINA                 , (18)3658-9500 , ALICE        , TRIBUTOS
2.0   , COLINA                     , (17)3341-9445 , ELCIO        , RENDAS
3.0   , COLÔMBIA                   , (17)3335-8500 , BARRETO      , TRIBUTOS
5.0   , CONCHAL                    , (19)3866-8600 , ROSANGELA    , TRIBUTOS
5.0   , CONCHAS                    , (14)3845-8011 , CAMILA       , TRIBUTOS
5.0   , CORDEIRÓPOLIS              , (19)3556-9900 , REGIANE      , TRIBUTOS
4.0   , COROADOS                   , (18)3645-9124 , SUELI        , TRIBUTOS
4.0   , CORONEL MACEDO             , (14)3767-1112 , ANISIO       , TRIBUTOS
5.0   , CORUMBATAÍ                 , (19)3577-9000 , SITE         , SITE
3.0   , COSMÓPOLIS                 , (19)3812-8000 , TATIANA      , ISS
4.0   , COSMORAMA                  , (17)3836-9220 , SITE         , SITE
5.0   , COTIA                      , (11)4616-8522 , SITE         , SITE
5.0   , CRAVINHOS                  , (16)3951-9900 , JARDIEL      , TRIBUTOS
3.0   , CRISTAIS PAULISTA          , (16)3133-9300 , TALITA       , ISS
5.0   , CRUZÁLIA                   , (18)3376-1112 , NARA         , TRIBUTOS
3.0   , CRUZEIRO                   , (12)3144-3246 , PAULO        , DIVIDA ATIVA
5.0   , CUBATÃO                    , (13)3362-6169 , VALTER       , ISS
3.0   , CUNHA                      , (12)3111-5000 , SUELEN       , TRIBUTOS
2.0   , DESCALVADO                 , (19)3583-9320 , LINO         , FISCALIZAÇÃO
3.0   , DIADEMA                    , (11)4057-8054 , ALFREDO      , FISCALIZAÇÃO
3.0   , DIRCE REIS                 , (17)3694-1168 , SILVANIA     , TRIBUTOS
3.0   , DIVINOLÂNDIA               , (19)3663-8100 , WELNER       , TRIBUTOS
5.0   , DOBRADA                    , (16)3386-9000 , GERALDO      , TRIBUTOS
2.0   , DOIS CÓRREGOS              , (14)3652-9500 , ANA          , TRIBUTOS
3.0   , DOLCINÓPOLIS               , (17)3636-7550 , EDUARDO      , TRIBUTOS
2. 45 , DOURADO                    , (16)3345-9000 , GABRIELA     , TRIBUTOS
5.0   , DRACENA                    , (18)3821-8000 , LUCAS        , ARRECADAÇÃO
2.0   , DUARTINA                   , (14)3282-8282 , CELSO        , TRIBUTOS
2.0   , DUMONT                     , (16)3944-9100 , PEDRO        , TRIBUTOS
3.0   , ELISIÁRIO                  , (17)3529-1397 , FABIANA      , ARRECADAÇÃO
5.0   , EMBAUBA                    , (17)3566-8000 , WALDIR       , TRIBUTOS
5.0   , EMBÚ                       , (11)4785-3500 , ADILSON      , FISCALIZAÇÃO
2.0   , EMBÚ-GUAÇU                 , (11)4662-7375 , MARCIA       , TRIBUTOS
3.0   , EMILIANÓPOLIS              , (18)3994-1165 , HERCIA       , TRIBUTOS
5.0   , ENGENHEIRO COELHO          , (19)3857-8000 , RICARDO      , TRIBUTAÇÃO
3.0   , ESPÍRITO SANTO DO PINHAL   , (19)3651-9699 , ANA FLAVIA   , TRIBUTOS
3.0   , ESPÍRITO SANTO DO TURVO    , (14)3375-9500 , GISLENE      , TRIBUTOS
3.0   , ESTIVA GERBI               , (19)3868-1111 , DOUGLAS      , TRIBUTOS
3.0   , ESTRELA D’ÓESTE            , (17)3833-9411 , JOÃO PAULO   , TRIBUTOS
5.0   , ESTRELA DO NORTE           , (18)3999-3920 , LUCIANO      , TRIBUTOS
3.0   , EUCLIDES DA CUNHA PAULISTA , (18)3283-1123 , ELISABETE    , TRIBUTOS
3.0   , FARTURA                    , (14)3308-9300 , FRANCIELE    , TRIBUTOS
3.0   , FERNANDO PRESTES           , (16)3258-4000 , MAYARA       , TRIBUTOS
3.5   , FERNANDÓPOLIS              , (17)3465-0150 , VARDELI      , TRIBUTOS
3.0   , FERNÃO                     , (14)3273-1038 , MARCELO      , TRIBUTOS
3.0   , FERRAZ DE VASCONCELOS      , (11)4674-7848 , SITE         , SITE
2.0   , FLORA RICA                 , (18)3866-1308 , ROSANGELA    , TRIBUTOS
3.0   , FLOREAL                    , (17)3847-1317 , MARCELO      , TRIBUTOS
4.0   , FLÓRIDA PAULISTA           , (18)3581-9020 , SITE         , SITE
5.0   , FLORÍNEA                   , (18)3377-0618 , JULIO        , TRIBUTOS
5.0   , FRANCA                     , (16)3711-9000 , MARIA JÚLIA  , FISCALIZAÇÃO  DE RENDAS
2.0   , FRANCISCO MORATO           , (11)4489-8900 , RAFAEL       , ISS
5.0   , FRANCO DA ROCHA            , (11)4800-1706 , MARCOS       , TRIBUTOS
5.0   , GABRIEL MONTEIRO           , (18)3602-9022 , JOCIELE      , TRIBUTOS
3.0   , GÁLIA                      , (14)3274-9020 , DIRCEU       , TRIBUTOS
5.0   , GARÇA                      , (14)3407-6600 , VERONICA     , ISS
3.0   , GASTÃO VIDIGAL             , (17)3848-1170 , SITE         , SITE
5.0   , GAVIÃO PEIXOTO             , (16)3308-1599 , ELISANGELA   , TRIBUTOS
3.0   , GENERAL SALGADO            , (17)3461-3380 , DANIELA      , TRIBUTOS
2.0   , GETULINA                   , (14)3552-9222 , GERMANA      , TRIBUTOS
5.0   , GLICÉRIO                   , (18)3647-9900 , LEONICE      , JUNTA MILITAR
3.0   , GUAIÇARA                   , (14)3547-9217 , DIOGO        , TRIBUTOS
2.0   , GUAIMBÊ                    , (14)3553-9700 , ANTÔNIO      , TRIBUTOS
3.0   , GUAÍRA                     , (17)3332-5100 , LUCIMARA     , TRIBUTAÇÃO
3.0   , GUAPIAÇU                   , (17)3267-9700 , CHAYENE      , TRIBUTOS
5.0   , GUAPIARA                   , (15)3547-1142 , NILTON       , TRIBUTOS
3.0   , GUARÁ                      , (16)3831-9800 , WAGNER       , FISCALIZAÇÃO
5.0   , GUARAÇAÍ                   , (18)3705-9290 , DAMARES      , TRIBUTOS
3.0   , GUARACÍ                    , (17)3285-9999 , CAROL        , TRIBUTOS
3.0   , GUARANI D'OESTE            , (17)3834-1179 , LÚIS         , TRIBUTOS
3.0   , GUARANTÃ                   , (14)3586-3300 , PAULA        , TRIBUTOS
4.0   , GUARARAPES                 , (18)3606-8000 , ANGELA       , TRIBUTOS
5.0   , GUARAREMA                  , (11)4693-8000 , YONA         , TRIBUTOS
3.0   , GUARATINGUETÁ              , (12)3128-2800 , LUCIANO      , FISCALIZAÇÃO
3.0   , GUAREÍ                     , (15)3258-8300 , JOSÉ MARIA   , TRIBUTOS
2.5   , GUARIBA                    , (16)3251-8446 , ELISANGELA   , LANÇADORIA
5.0   , GUARUJÁ                    , (13)3308-7000 , MATHEUS      , ISS
5.0   , GUARULHOS                  , (11)2423-8600 , SITE         , SITE
5.0   , GUATAPARÁ                  , (16)3973-2020 , SERGIO       , TRIBUTOS
3.0   , GUZOLÂNDIA                 , (17)3637-1123 , TANIA        , Lançadoria
4.0   , HERCULÂNDIA                , (14)3486-9090 , ROSE         , TRIBUTOS
3.0   , HOLAMBRA                   , (19)3802-8000 , ISRAEL       , Lançadoria
3.0   , HORTOLÂNDIA                , (19)3965-1400 , YAGO         , TRIBUTOS
3.0   , IACANGA                    , (14)3294-9400 , LEONEL       , TRIBUTOS
3.0   , IACRI                      , (14)3489-1250 , ELTON        , TRIBUTOS
5.0   , IARAS                      , (14)3764-9400 , JORGE        , TRIBUTOS
2.0   , IBATÉ                      , (16)3343-1252 , EMILAINE     , FISCALIZAÇÃO
2.0   , IBIRÁ                      , (17)3551-9900 , LEANDRO      , TRIBUTOS
5.0   , IBIRAREMA                  , (14)3307-1422 , ANDERSON     , ISS
2.5   , IBITINGA                   , (16)3352-7000 , PATRICK      , RENDAS
3.0   , IBIÚNA                     , (15)3248-9900 , SITE         , SITE
3.0   , ICÉM                       , (17)3282-9111 , MARIO        , TRIBUTOS
3.5   , IEPÊ                       , (18)3264-1311 , RONALDO      , TRIBUTOS
2.0   , IGARAÇU DO TIETÊ           , (14)3644-1223 , RAFAEL       , TRIBUTOS
5.0   , IGARAPAVA                  , (16)3173-8200 , SOLIANE      , TRIBUTOS
3.0   , IGARATÁ                    , (11)4658-1318 , ROSE         , TRIBUTOS
3.0   , IGUAPE                     , (13)3848-6810 , VALMIR       , TRIBUTOS
5.0   , ILHA BELA                  , (12)3896-9200 , EDMILSON     , RECEITA
2.0   , ILHA COMPRIDA              , (13)3842-7000 , CLEONICE     , TRIBUTAÇÃO
3.0   , ILHA SOLTEIRA              , (18)3743-6000 , MAURO        , TRIBUTOS
2.0   , INDAIATUBA                 , (19)3834-9000 , MARCOS       , ISS
5.0   , INDIANA                    , (18)3995-1177 , DEISE        , TRIBUTOS
5.0   , INDIAPORÃ                  , (17)3842-1232 , MERLEY       , TRIBUTOS
5.0   , INÚBIA PAULISTA            , (18)3556-9900 , SANDRA       , TRIBUTOS
5.0   , IPAUSSU                    , (14)3344-9000 , VALTER       , Lançadoria
3.0   , IPERÓ                      , (15)3459-9999 , SANDRA       , ISS
3.0   , IPEÚNA                     , (19)3576-9003 , ROGERIO      , TRIBUTOS
2.0   , IPIGUÁ                     , (17)3269-9000 , ALEXANDRE    , TRIBUTOS
5.0   , IPORANGA                   , (15)3656-9830 , DANIEL       , TRIBUTOS
5.0   , IPUÃ                       , (16)3832-0100 , FELIPE       , TRIBUTOS
5.0   , IRACEMÁPOLIS               , (19)3456-9200 , RITA         , TRIBUTOS
3.0   , IRAPUÃ                     , (17)3556-1600 , JOZÉ CARLOS  , TRIBUTOS
3.0   , IRAPURU                    , (18)3861-2007 , MARCELO      , TRIBUTOS
5.0   , ITABERÁ                    , (15)3562-1045 , CONCINHA     , TRIBUTOS
2.0   , ITAÍ                       , (14)3761-9200 , JULIANA      , LANÇADORIA
3.0   , ITAJOBI                    , (17)3546-9000 , SAMUEL       , LANÇADORIA
2.0   , ITAJU                      , (14)3667-1109 , RODRIGO      , TESOURARIA
5.0   , ITANHAÉM                   , (13)3421-1600 , ESTEVAN      , ISS
5.0   , ITAÓCA                     , (15)3557-1118 , SABINO       , TRIBUTOS
5.0   , ITAPECERICA DA SERRA       , (11)4668-9000 , ROBERTO      , ISS
3.0   , ITAPETININGA               , (15)3376-9600 , LINDAME      , FISCALIZAÇÃO
5.0   , ITAPEVA                    , (15)3526-8000 , JUNIOR       , FISCALIZAÇÃO
5.0   , ITAPEVI                    , (11)4143-7500 , ANA          , TRIBUTOS
5.0   , ITAPIRA                    , (19)3843-9100 , GABRIELA     , TRIBUTOS
5.0   , ITAPIRAPUÃ PAULISTA        , (15)3548-1115 , CLODOALDO    , TRIBUTOS
3.0   , ITÁPOLIS                   , (16)3263-8000 , LEANDRO      , TRIBUTOS
5.0   , ITAPORANGA                 , (15)3565-1397 , ANDREIA      , TRIBUTOS
2.0   , ITAPUÍ                     , (14)3664-8040 , MICHEL       , TRIBUTOS
5.0   , ITAPURA                    , (18)3745-9020 , JAIRO        , TRIBUTOS
5.0   , ITAQUAQUECETUBA            , (11)4668-9000 , JOSÉ         , ISS
3.5   , ITARARÉ                    , (15)3532-8000 , MARILENE     , AUDITORIA
5.0   , ITARIRI                    , (13)3418-7300 , LUCIANO      , TRIBUTOS
2.0   , ITATIBA                    , (11)3183-0659 , JEAN         , AUDITORIA
2.0   , ITATINGA                   , (14)3848-9800 , PAULO        , TRIBUTOS
3.0   , ITIRAPINA                  , (19)3575-3904 , THABATA      , FISCALIZAÇÃO
5.0   , ITIRAPUÃ                   , (16)3146-6700 , JORGE        , TRIBUTOS
3.0   , ITOBI                      , (19)3647-6000 , JULIA        , TRIBUTOS
2.0   , ITU                        , (11)4886-9600 , PAULO        , TRIBUTOS
2.0   , ITUPEVA                    , (11)4591-8194 , SITE         , SITE
2.0   , ITUVERAVA                  , (16)3830-7000 , RUBENS       , LANÇADORIA
5.0   , JABORANDI                  , (17)3347-1434 , REGINALDO    , RECEITA
3.0   , JABOTICABAL                , (16)3209-3322 , LÚIS         , TRIBUTOS
3.0   , JACAREÍ                    , (12)3954-8506 , SITE         , SITE
3.0   , JACI                       , (17)3283-1292 , SITE         , SITE
3.0   , JACUPIRANGA                , (13)3864-6400 , ADRIANO      , TRIBUTOS
2.0   , JAGUARIÚNA                 , (19)3867-3002 , GABRIEL      , FISCALIZAÇÃO
3.0   , JALES                      , (17)3622-3000 , JARDEL       , TRIBUTOS
2.0   , JAMBEIRO                   , (12)3978-1396 , SITE         , SITE
2.0   , JANDIRA                    , (11)4619 8200 , JOÃO         , FISCALIZAÇÃO
2.0   , JARDINÓPOLIS               , (16)3690-2927 , LINDOLFO     , Lançadoria
5.0   , JARINU                     , (11)4016-8200 , RAQUEL       , ISS
3.0   , JAÚ                        , (14)3602-1798 , EMILY        , ISS
4.0   , JERIQUARA                  , (16)3134-8700 , GILMAR       , ISS
2.0   , JOANÓPOLIS                 , (11)4888-9200 , VERONICA     , ARRECADAÇÃO
5.0   , JOÃO RAMALHO               , (18)3998-1107 , ANDERSON     , TRIBUTOS
2.0   , JOSÉ BONIFÁCIO             , (17)3245-9200 , DANIELA      , TRIBUTOS
3.0   , JÚLIO MESQUITA             , (14)3487-9090 , FABIANA      , Lançadoria
3.0   , JUMIRIM                    , (15)3286-8077 , GABRIELA     , TRIBUTAÇÃO
2.0   , JUQUITIBA                  , (11)4681-4311 , SITE         , SITE
2.0   , LAGOINHA                   , (12)3647-1201 , BETHANIA     , TRIBUTOS
5.0   , LARANJAL PAULISTA          , (15)3283-8300 , CARLOS       , TRIBUTOS
5.0   , LAVÍNIA                    , (18)3698-9000 , LIDIANE      , TRIBUTOS
5.0   , LAVRINHAS                  , (12)3146-1104 , PAOLA        , CADASTRO
5.0   , LEME                       , (19)3571-6528 , THIAGO       , FISCALIZAÇÃO
2.0   , LENCÓIS PAULISTA           , (14)3269-7000 , ZÉ AUGUSTO   , ISS
5.0   , LIMEIRA                    , (19)3404-9841 , EDCARLOS     , AUDITORIA
3.0   , LINDÓIA                    , (19)3898-9900 , SITE         , SITE
2.0   , LINS                       , (14)3533-7000 , AILTON       , TRIBUTOS
3.0   , LORENA                     , (12)3185-3000 , DANIELE      , TRIBUTOS
3.0   , LOURDES                    , (18)99815-153 , LOURDINHA    , TRIBUTOS
2.0   , LOUVEIRA                   , (19)3878-9700 , MARCIO       , FISCALIZAÇÃO
2.0   , LUCÉLIA                    , (18)3551-9200 , IAMILA       , ISS
2.0   , LUCIANÓPOLIS               , (14)3286-1209 , NIL          , ISS
2.0   , LUIS ANTONIO               , (16)3983-9000 , FABIO        , TRIBUTOS
2.0   , LUIZIÂNIA                  , (18)3603-1208 , DJALMA       , Lançadoria
3.0   , LUPÉRCIO                   , (14)3474-1128 , ILTON        , TRIBUTAÇÃO
2.0   , LUTÉCIA                    , (18)3368-1101 , EVERTON      , TRIBUTAÇÃO
4.0   , MACATUBA                   , (14)3298-9800 , PATRICIA     , Lançadoria
5.0   , MACAUBAL                   , (17)3874-1183 , JANAINA      , TRIBUTOS
5.0   , MACEDÔNIA                  , (17)3849-1162 , WESLEY       , TRIBUTOS
5.0   , MAGDA                      , (17)3487-9020 , SITE         , SITE
3.0   , MAIRINQUE                  , (11)4718-8644 , MARINA       , FISCALIZAÇÃO
2.0   , MAIRIPORÃ                  , (11)4419-8073 , CELSO        , ISS
3.0   , MANDURI                    , (14)3356-9200 , JOSÉ CARLOS  , TRIBUTOS
5.0   , MARABÁ PAULISTA            , (18)3996-1142 , JÚNIOR       , ISS
4.0   , MARACAÍ                    , (18)3371-9500 , WILSON       , ISS
5.0   , MARAPOAMA                  , (17)3548-8400 , JAMILA       , ISS
3.0   , MARIÁPOLIS                 , (18)3586-1227 , GUILHERME    , TRIBUTAÇÃO
3.0   , MARÍLIA                    , (14)3402-6000 , MARCONI      , TRIBUTOS
3.0   , MARINÓPOLIS                , (17)3695-1101 , EVALDO       , ISS
2.0   , MARTINÓPOLIS               , (18)3275-9500 , CLEIDE       , TRIBUTOS
2.0   , MATÃO                      , (16)3383-3113 , WILTON       , TRIBUTOS
3.0   , MAUÁ                       , (11)4512-7500 , CLAUDIA      , FISCALIZAÇÃO
3.0   , MENDONÇA                   , (17)3248-9000 , ESTELA       , ISS
4.5   , MERIDIANO                  , (17)3475-1116 , ALZIRO       , ARRECADAÇÃO
3.0   , MESÓPOLIS                  , (17)3638-8700 , ROSANA       , ARRECADAÇÃO
3.0   , MIGUELÓPOLIS               , (16)3835-6600 , RENATA       , TRIBUTAÇÃO
2.0   , MINEIROS DO TIETÊ          , (14)3646-9090 , LUCAS        , ISS
5.0   , MIRANTE DO PARANAPANEMA    , (18)3991-9191 , RODRIGO      , TRIBUTOS
3.0   , MIRASSOL                   , (17)3243-8146 , ACÁCIO       , TRIBUTOS
2.0   , MIRASSOLÂNDIA              , (17)3263-1307 , ODÉCIO       , TRIBUTOS
5.0   , MOCOCA                     , (19)3656-9800 , MONALIZA     , FISCALIZAÇÃO
3.0   , MOGI DAS CRUZES            , (11)4798-5000 , FLÁVIO       , ISS
3.0   , MOGI GUAÇÚ                 , (19)3851-7048 , JANAÍNA      , DIVISÃO DE RENDAS
3.0   , MOGI MIRIM                 , (19)3814-1000 , ANTONIO      , DIVISÃO DE RECEITA
5.0   , MOMBUCA                    , (19)3488-6262 , LUIZ         , TRIBUTAÇÃO
5.0   , MONÇÕES                    , (17)3484-1217 , CARLOS       , TRIBUTOS
5.0   , MONGAGUÁ                   , (13)3445-3000 , DIRCEU       , ISS
2.0   , MONTE ALEGRE DO SUL        , (19)3899-9120 , MARCIA       , CADASTRO
3.0   , MONTE ALTO                 , (16)3244-3113 , MEIRE        , TRIBUTAÇÃO
4.0   , MONTE APRAZÍVEL            , (17)3275-9500 , VIVIAN       , TRIBUTOS
3.0   , MONTE AZUL PAULISTA        , (17)3361-9500 , FERNANDO     , TRIBUTAÇÃO
3.0   , MONTE CASTELO              , (18)3855-1133 , ROSE         , TRIBUTAÇÃO
2.0   , MONTE MOR                  , (19)3879-9000 , RAFAEL       , TRIBUTAÇÃO
3.0   , MONTEIRO LOBATO            , (12)3979-9000 , MÁRIO        , ISS
3.0   , MORRO AGUDO                , (16)3851-1400 , SITE         , SITE
5.0   , MORUNGABA                  , (11)4014-7011 , SITE         , SITE
3.0   , MOTUCA                     , (16)3348-9300 , ALISSON      , TRIBUTAÇÃO
5.0   , MURUTINGA DO SUL           , (18)3788-1121 , SITE         , SITE
5.0   , NANTES                     , (18)3268-8800 , JUNIOR       , LANÇADORIA
5.0   , NARANDIBA                  , (18)3992-1206 , ADRIELI      , TRIBUTAÇÃO
2.0   , NATIVIDADE DA SERRA        , (12)3677-9700 , MARIO        , TRIBUTAÇÃO
5.0   , NAZARÉ PAULISTA            , (11)4597-1526 , RICARDO      , TRIBUTOS
5.0   , NEVES PAULISTA             , (17)3271-9020 , JOÃO PAULO   , TRIBUTOS
3.0   , NHANDEARA                  , (17)3467-4990 , HELOA        , TRIBUTOS
5.0   , NIPOÃ                      , (17)3277-9000 , RENATO       , TRIBUTOS
3.0   , NOVA ALIANÇA               , (17)3811-9900 , SERGIO       , TRIBUTOS
5.0   , NOVA CAMPINA               , (15)3535-6100 , FELIPE       , TRIBUTOS
5.0   , NOVA CANAÃ PAULISTA        , (17)3681-8000 , ANDRÉ        , TRIBUTOS
5.0   , NOVA CASTILHO              , (17)3831-7090 , ANDERSON     , LANÇADORIA
2.5   , NOVA EUROPA                , (16)3387-1647 , DANIEL       , TRIBUTAÇÃO
3.0   , NOVA GRANADA               , (17)3262-5200 , LUCAS        , TRIBUTOS
5.0   , NOVA GUATAPORANGA          , (18)3856-1222 , CARVALHO     , ISS
3.0   , NOVA INDEPENDÊNCIA         , (18)3744-9990 , DENISE       , TRIBUTOS
3.0   , NOVA LUZITÂNIA             , (17)3483-9200 , GIENE        , TRIBUTOS
5.0   , NOVA ODESSA                , (19)3476-8600 , MÔNICA       , ISS
3.0   , NOVAIS                     , (17)3561-1158 , ISABELLA     , TRIBUTOS
2.0   , NOVO HORIZONTE             , (17)3543-9000 , JÉSSICA      , TRIBUTOS
2.0   , NUPORANGA                  , (16)3847-9200 , CARMEM       , TRIBUTOS
3.0   , OCAUÇU                     , (14)3475-1204 , ROBSON       , TRIBUTOS
3.0   , ÓLEO                       , (14)3357-1146 , MURILO       , TRIBUTAÇÃO
4.0   , OLÍMPIA                    , (17)3279-3299 , CARLOS       , TRIBUTOS
5.0   , ONDA VERDE                 , (17)3268-1222 , NATÁLIA      , TRIBUTOS
2.0   , ORIENTE                    , (14)3456-2043 , RODRIGO      , TRIBUTOS
3.0   , ORINDIÚVA                  , (17)3816-9600 , DENISE       , TRIBUTOS
3.0   , ORLÂNDIA                   , (16)3820-8000 , ALINE        , ISS
5.0   , OSASCO                     , (11)3654-1589 , SITE         , SITE
2.0   , OSCAR BRESSANE             , (14)3457-1124 , LILIAN       , TRIBUTAÇÃO
3.0   , OSVALDO CRUZ               , (18)3529-1443 , GUSTAVO      , FISCALIZAÇÃO
3.0   , OURINHOS                   , (14)3302-6000 , JEFERSON     , FISCALIZAÇÃO
3.0   , OURO VERDE                 , (18)3872-1106 , SILVIO       , TRIBUTAÇÃO
5.0   , OUROESTE                   , (17)3843-3850 , JAMES        , TRIBUTAÇÃO
5.0   , PACAEMBÚ                   , (18)3862-9090 , ROSILENE     , TRIBUTAÇÃO
5.0   , PALESTINA                  , (17)3293-1265 , AMARILDO     , TRIBUTOS
5.0   , PALMARES PAULISTA          , (17)3587-1500 , EDSON        , TRIBUTOS
5.0   , PALMEIRA DO OESTE          , (17)3651-1212 , REGINA       , LANÇADORIA
5.0   , PALMITAL                   , (18)3351-9333 , EDSON        , TRIBUTAÇÃO
3.0   , PANORAMA                   , (18)3871-9090 , MEIRE        , TRIBUTAÇÃO
5.0   , PARAGUAÇU PAULISTA         , (18)3361-9100 , PRISCILA     , ISS
2.0   , PARAIBUNA                  , (12)3974-2080 , NILTON       , ISS
5.0   , PARAÍSO                    , (17)3567-9510 , LÍGIA        , ISS
2.0   , PARANAPANEMA               , (14)3713-9200 , REGINALDO    , TRIBUTAÇÃO
3.0   , PARANAPUÃ                  , (17)3648-9020 , PATRICIA     , ISS
5.0   , PARAPUÃ                    , (18)3582-9020 , CRYS         , TRIBUTOS
2.0   , PARDINHO                   , (14)3886-9200 , MARCOS       , ARRECADAÇÃO
3.0   , PARIQUERA- AÇÚ             , (13)3856-7100 , AGATA        , TRIBUTAÇÃO
5.0   , PARISI                     , (17)3839-1124 , JADER        , TRIBUTAÇÃO
5.0   , PATROCÍNIO PAULISTA        , (16)3145-9910 , SILVANA      , TRIBUTAÇÃO
4.0   , PAULICÉIA                  , (18)3876-1240 , ADRIANA      , ISS
5.0   , PAULÍNIA                   , (19)3874-5627 , EDUARDO      , ISS
5.0   , PAULISTÂNIA                , (14)3275-8799 , FRANCENILDE  , ISS
5.0   , PAULO DE FARIA             , (17)3802-9200 , HAIDE        , TRIBUTOS
2.0   , PEDERNEIRAS                , (14)3283-9570 , GILSON       , TRIBUTOS
5.0   , PEDRA BELA                 , (11)4037-1277 , MAIARA       , ISS
5.0   , PEDRANÓPOLIS               , (17)3838-1101 , OSVALDO      , ISS
5.0   , PEDREGULHO                 , (16)3171-9400 , EDUARDO      , TRIBUTAÇÃO
5.0   , PEDREIRA                   , (19)3893-3522 , NILTON       , TRIBUTOS
3.0   , PEDRINHAS PAULISTA         , (18)3375-1540 , ROBSON       , TRIBUTAÇÃO E RENDAS
5.0   , PEDRO DE TOLEDO            , (13)3419-7000 , CARLOS       , TRIBUTAÇÃO
3.0   , PENÁPOLIS                  , (18)3654-2500 , HELENICE     , RENDAS
4.0   , PEREIRA BARRETO            , (18)3704-8500 , JANAINA      , ISS
2.0   , PEREIRAS                   , (14)3888-8100 , RENATA       , ISS
2.0   , PERUÍBE                    , (13)3451-1000 , ANA          , ISS
2.0   , PIACATU                    , (18)3693-9300 , FÁBIO        , TRIBUTAÇÃO
3.0   , PIEDADE                    , (15)3244-8400 , RILDO        , RECEITA
3.0   , PILAR DO SUL               , (15)3278-9700 , MARCELO      , TRIBUTAÇÃO
3.0   , PINDAMONHANGABA            , (12)3644-8000 , ANA          , FISCALIZAÇÃO
5.0   , PINDORAMA                  , (17)3572-9900 , HELEN        , TRIBUTOS
2.0   , PINHALZINHO                , (11)4018-4310 , WILLIAN      , TRIBUTOS
5.0   , PIQUEROBI                  , (18)3276-1010 , ELAINE       , TRIBITAÇÃO
5.0   , PIQUETE                    , (12)3156-1000 , RUDINEI      , TRIBUTAÇÃO
3.0   , PIRACAIA                   , (11)4036-2040 , DORIVAL      , FISCALIZAÇÃO TRIBUTÁRIA
5.0   , PIRACICABA                 , (19)3403-1000 , BRUNO        , FISCALIZAÇÃO
3.0   , PIRAJÚ                     , (14)3305-9011 , RAFAEL       , LANÇADORIA
5.0   , PIRAJUÍ                    , (14)3572-8222 , JOSI         , TRIBUTAÇÃO
3.0   , PIRANGÍ                    , (17)3386-9600 , PEDRO        , TRIBUTAÇÃO
5.0   , PIRAPORA DO BOM JESUS      , (11)4131-9191 , SUELI        , TRIBUTAÇÃO
3.0   , PIRAPÓZINHO                , (18)3269-9900 , WAGNER       , TRIBUTOS
3.0   , PIRASSUNUNGA               , (19)3565-8046 , ALEXANDRE    , TRIBUTAÇÃO
3.0   , PIRATININGA                , (14)3265-9530 , SANDRA       , ISS
5.0   , PITANGUEIRAS               , (16)3952-6583 , CRISTIANE    , LANÇADORIA
5.0   , PLANALTO                   , (18)3695-1202 , ELÓI         , ISS
2.0   , PLATINA                    , (18)3354-1171 , WALDIR       , TRIBUTAÇÃO
2.0   , POÁ                        , (11)4634-8800 , SITE         , SITE
4.0   , POLONI                     , (17)3819-9900 , JOÃO         , TRIBUTOS
5.0   , POMPÉIA                    , (14)3405-1500 , PEDRO        , TRIBUTOS
3.0   , PONGAI                     , (14)3581-1107 , SILVIA       , LANÇADORIA
5.0   , PONTAL                     , (16)3953-9999 , PATRÍCIA     , ISS
3.0   , PONTALINDA                 , (17)3699-8780 , AILTON       , TRIBUTAÇÃO
3.0   , PONTES GESTAL              , (17)3844-1277 , MILENE       , TRIBUTOS
3.0   , POPULINA                   , (17)3639-9020 , JOÃO         , ARRECADAÇÃO
5.0   , PORANGABA                  , (15)3257-5620 , TATIANA      , TRIBUTOS
5.0   , PORTO FELIZ                , (15)3261-9027 , LEANDRO      , TRIBUTAÇÃO
3.0   , PORTO FERREIRA             , (19)3589-5233 , ANDREIA      , TRIBUTAÇÃO
5.0   , POTIM                      , (12)3112-9200 , ALEXSANDRA   , SITE
3.0   , POTIRENDABA                , (17)3827-9200 , EDSON        , TRIBUTOS
3.0   , PRACINHA                   , (18)3552-1119 , EDNA         , TRIBUTAÇÃO
2.0   , PRADÓPOLIS                 , (16)3981-9900 , PAMELLA      , TRIBUTAÇÃO
3.0   , PRAIA GRANDE               , (13)3496-2000 , EMERSON      , ISS
3.0   , PRATÂNIA                   , (14)3844-8200 , NATALY       , ARRECADAÇÃO
4.0   , PRESIDENTE ALVES           , (14)3587-1333 , CLAÚDIO      , TRIBUTOS
5.0   , PRESIDENTE BERNARDES       , (18)3262-9999 , RICARDO      , ISS
5.0   , PRESIDENTE EPITÁCIO        , (18)3281-9777 , FERNANDA     , TRIBUTAÇÃO
5.0   , PRESIDENTE PRUDENTE        , (18)3902-4400 , DANIEL       , ISS
4.0   , PRESIDENTE VENCESLAU       , (18)3272-9090 , KATLIN       , LANÇADORIA
2.0   , PROMISSÃO                  , (14)3543-9000 , ANA LÚCIA    , LANÇADORIA
2.0   , QUADRA                     , (15)3253-9000 , ALESSANDRA   , ISS
3.0   , QUATÁ                      , (18)3366-9500 , REGINALDO    , TRIBUTOS
5.0   , QUEIROZ                    , (14)3458-1137 , GILMAR       , ARRECADAÇÃO
5.0   , QUELUZ                     , (12)3147-9020 , JOSÉ GOMES   , ISS
2.5   , QUINTANA                   , (14)3488-1437 , FERNANDA     , TRIBUTOS
4.0   , RAFARD                     , (19)3496-7520 , FLÁVIA       , ARRECADAÇÃO
2.0   , RANCHARIA                  , (18)3265-9200 , DIRCEU       , RECEITA
3.0   , REDENÇÃO DA SERRA          , (12)3676-1282 , CIDA         , TRIBUTOS
3.0   , REGENTE FEIJÓ              , (18)3279-8010 , MARCEL       , TRIBUTAÇÃO
2.0   , REGINÓPOLIS                , (14)3589-9200 , SABRINA      , LANÇADORIA
4.0   , REGISTRO                   , (13)3828-1000 , BEATRIZ      , ISS
5.0   , RESTINGA                   , (16)3143-1172 , MAGRÃO       , TRIBUTAÇÃO
5.0   , RIBEIRA                    , (15)3555-1149 , SANDRA       , TRIBUTAÇÃO
2.0   , RIBEIRÃO BONITO            , (16)3355-9000 , LIGIA        , TRIBUTAÇÃO
5.0   , RIBEIRÃO BRANCO            , (15)3553-1152 , ENIO         , TRIBUTOS
4.0   , RIBEIRÃO CORRENTE          , (16)3749-1000 , NATÁLIA      , TRIBUTAÇÃO
5.0   , RIBEIRÃO DO SUL            , (14)3379-1191 , MÁRCIO       , ISS
5.0   , RIBEIRÃO DOS ÍNDIOS        , (18)3261-6104 , KÁTIA        , TRIBUTAÇÃO
5.0   , RIBEIRÃO GRANDE            , (15)3544-8800 , ALEXSANDRO   , TRIBUTOS
5.0   , RIBEIRÃO PIRES             , (11)4828-9800 , ELTON        , FISCALIZAÇÃO
2.0   , RIBEIRÃO PRETO             , (16)3977-5711 , RODRIGO      , TRIBUTAÇÃO
4.0   , RIFAINA                    , (16)3135-9500 , POLIANA      , TRIBUTAÇÃO
4.0   , RINCÃO                     , (16)3395-9100 , LUCIMARA     , ISS
5.0   , RINOPÓLIS                  , (18)3583-1321 , BRUNO        , TRIBUTAÇÃO
2.0   , RIO CLARO                  , (19)3526-7239 , SONIA        , ISS
2.0   , RIO DAS PEDRAS             , (19)3493-1411 , RAFAEL       , TRIBUTAÇÃO
5.0   , RIO GRANDE DA SERRA        , (11)4820-8200 , ROSANGELA    , TRIBUTAÇÃO
5.0   , RIOLÂNDIA                  , (17)3801-9020 , VALÉRIA      , TRIBUTOS
5.0   , RIVERSUL                   , (15)3571-1260 , PAULO        , ISS
5.0   , ROSANA                     , (18)3288-8200 , JHONE        , ISS
3.0   , ROSEIRA                    , (12)3646-9900 , MIRTES       , ISS
3.0   , RUBIÁCEA                   , (18)3697-9117 , ADMILSON     , TRIBUTOS
5.0   , RUBINÉIA                   , (17)3661-9099 , ELAINE       , LANÇADORIA
3.0   , SABINO                     , (14)3546-9100 , VITOR        , ISS
5.0   , SAGRES                     , (18)3558-1112 , WALMIR       , TRIBUTAÇÃO
3.0   , SALES                      , (17)3557-9100 , SILVIA       , TRIBUTOS
5.0   , SALESÓPOLIS                , (11)4696-3128 , SITE         , SITE
5.0   , SALMOURÃO                  , (18)3557-1141 , WILSON       , TRIBUTAÇÃO
3.0   , SALTINHO                   , (19)3439-7800 , MARTA        , RECEITA
2.0   , SALTO                      , (11)4602-8690 , ADRIANA      , FISCALIZAÇÃO
5.0   , SALTO DE PIRAPORA          , (15)3491-9595 , JOSIAS       , TRIBUTOS
4.0   , SALTO GRANDE               , (14)3378-1899 , MICHELLE     , LEGISLAÇÃO
5.0   , SANDOVALINA                , (18)3277-1121 , VALMIR       , TRIBUTOS
5.0   , SANTA ADÉLIA               , (17)3571-1120 , ESTELA       , ISS
3.0   , SANTA ALBERTINA            , (17)3633-9300 , MÁRCIO       , TRIBUTOS
2.0   , SANTA BÁRBARA D'OESTE      , (19)3455-8000 , GEOVANI      , FISCALIZAÇÃO DE RENDAS
2.0   , SANTA BRANCA               , (12)3972-0100 , GISLAINE     , RECEITA
5.0   , SANTA CLARA D'OESTE        , (17)3663-8700 , CRISTIANE    , TESOURARIA
3.0   , SANTA CRUZ DA CONCEIÇÃO    , (19)3567-9200 , SITE         , SITE
2.0   , SANTA CRUZ DA ESPERANÇA    , (16)3666-1115 , JULIANA      , TRIBUTAÇÃO
3.0   , SANTA CRUZ DAS PALMEIRAS   , (19)3672-1211 , SITE         , SITE
4.0   , SANTA CRUZ DO RIO PARDO    , (14)3332-4000 , JAQUELINE    , LANÇADORIA
3.0   , SANTA ERNESTINA            , (16)3256-9100 , JAQUELINE    , TRIBUTAÇÃO
5.0   , SANTA FÉ DO SUL            , (17)3631-9500 , ROSE         , TRIBUTOS
2.0   , SANTA GERTRUDES            , (19)3545-8000 , NUBIA        , TRIBUTOS
2.0   , SANTA ISABEL               , (11)4656-1000 , ANA CLAUDIA  , TRIBUTOS
2.0   , SANTA LÚCIA                , (16)3396-9600 , LILIANE      , TRIBUTAÇÃO
2.0   , SANTA MARIA DA SERRA       , (19)3187-9900 , MEIRE        , TRIBUTAÇÃO
5.0   , SANTA MERCEDES             , (18)3875-1231 , FERNANDO     , LEGISLAÇÃO
2.0   , SANTA RITA DO PASSA QUATRO , (19)3582-9000 , BRUNO        , TRIBUTAÇÃO
5.0   , SANTA RITA D'OESTE         , (17)3643-1123 , LAINE        , TRIBUTOS
3.0   , SANTA ROSA DO VITERBO      , (16)3954-8800 , ANA FLÁVIA   , ISS
3.0   , SANTA SALETE               , (17)3662-9000 , RAFAEL       , TRIBUTOS
5.0   , SANTANA DA PONTE PENSA     , (17)3692-1101 , CÉLIA        , TRIBUTOS
2.0   , SANTANA DE PARNAÍBA        , (11)4622-7400 , ARISTIDES    , FISCALIZAÇÃO
3.0   , SANTO ANASTÁCIO            , (18)3263-1240 , CIDINHA      , TRIBUTAÇÃO
3.0   , SANTO ANDRÉ                , (11)4433-0788 , BRUNO        , FISCALIZAÇÃO
4.0   , SANTO ANTONIO DA ALEGRIA   , (16)3668-1233 , JUNIOR       , TRIBUTAÇÃO
2.0   , SANTO ANTÔNIO DE POSSE     , (19)3896-9000 , NAIARA       , ISS
5.0   , SANTO ANTÔNIO DO ARACANGUÁ , (18)3639-9000 , LUZINARA     , TRIBUTAÇÃO
3.0   , SANTO ANTÔNIO DO JARDIM    , (19)3654-1204 , MARCIA       , TRIBUTAÇÃO
3.0   , SANTO ANTÔNIO DO PINHAL    , (12)3666-1122 , ELMO         , TRIBUTOS
5.0   , SANTO EXPEDITO             , (18)3267-1121 , WEVERTON     , LANÇADORIA
5.0   , SANTÓPOLES DO AGUAPEÍ      , (18)3605-9500 , NICOLAS      , TRIBUTOS
3.0   , SANTOS                     , (13)3201-5000 , ANA PAULA    , ISS
3.0   , SÃO BENTO DO SAPUCAÍ       , (12)3971-1658 , PEDRO        , CADASTRO
3.0   , SÃO BERNARDO DO CAMPO      , (11)2630-5611 , SITE         , SITE
5.0   , SÃO CAETANO DO SUL         , (11)4233-7279 , TAMIRES      , ISS
2.0   , SÃO CARLOS                 , (16)3362-2964 , MONIQUE      , TRIBUTAÇÃO
3.0   , SÃO FRANCISCO              , (17)3693-1101 , HENRIQUE     , ISS
4.0   , SÃO JOÃO DA BOA VISTA      , (19)3634-1000 , LURDINHA     , FISCALIZAÇÃO
5.0   , SÃO JOÃO DAS DUAS PONTES   , (17)3481-1277 , GERALDO      , FISCALIZAÇÃO
5.0   , SÃO JOÃO DE IRACEMA        , (17)3875-6560 , CLER         , FISCALIZAÇÃO
5.0   , SÃO JOÃO DO PAU D' ALHO    , (18)3857-1210 , EMANUEL      , SITE
3.0   , SÃO JOAQUIM DA BARRA       , (16)3810-9000 , KARINA       , TRIBUTAÇÃO
5.0   , SÃO JOSÉ DA BELA VISTA     , (16)3142-8100 , LUIZ         , ISS
5.0   , SÃO JOSÉ DO BARREIRO       , (12)3117-1288 , CAROLINA     , CADASTRO
5.0   , SÃO JOSÉ DO RIO PARDO      , (19)3682-7800 , LUCIANO      , TRIBUTOS
3.0   , SÃO JOSÉ DO RIO PRETO      , (17)3203-1100 , NETO         , TRIBUTOS
3.0   , SÃO JOSÉ DOS CAMPOS        , (12)3947-8228 , EDSON        , TRIBUTAÇÃO
5.0   , SÃO LOURENÇO DA SERRA      , (11)4687-1069 , MATEUS       , ISS
3.0   , SÃO LUÍS DO PARAITINGA     , (12)3671-7000 , LUIZ         , TRIBUTOS
3.0   , SÃO MANUEL                 , (14)3812-4400 , ALEXANDRE    , ISS
2.0   , SÃO MIGUEL ARCANJO         , (15)3279-8014 , MILTON       , TRIBUTAÇÃO
2.0   , SÃO PAULO                  , (11)3225-5529 , SITE         , SITE
5.0   , SÃO PEDRO                  , (19)3481-9200 , LAURO        , TRIBUTAÇÃO
5.0   , SÃO PEDRO DO TURVO         , (14)3377-9700 , ANTONIO      , ISS
2.0   , SÃO ROQUE                  , (11)4784-8500 , JOSÉ CARLOS  , FISCALIZAÇÃO
3.0   , SÃO SEBASTIÃO              , (12)3893-2394 , SITE         , SITE
4.0   , SÃO SEBASTIÃO DA GRAMA     , (19)3646-1122 , WALDECIR     , TRIBUTAÇÃO
5.0   , SÃO SIMÃO                  , (16)3984-9070 , GISLAINE     , ISS
3.0   , SÃO VICENTE                , (13)3579-1442 , SITE         , SITE
3.0   , SARAPUÍ                    , (15)3276-1177 , VICTOR       , TRIBUTOS
5.0   , SARUTAIÁ                   , (14)3387-1400 , CARMEM       , ISS
5.0   , SEBASTIANÓPOLIS DO SUL     , (17)3837-1210 , FERNANDO     , TRIBUTAÇÃO
3.0   , SERRA AZUL                 , (16)3982-9100 , RAIANE       , TRIBUTAÇÃO
3.0   , SERRA NEGRA                , (19)3892-9628 , FERNANDA     , TRIBUTAÇÃO
3.0   , SERRANA                    , (16)3987-9244 , ELIANA       , ISS
2.0   , SERTÃOZINHO                , (16)2105-1000 , LEANDRO      , ISS
2.0   , SETE BARRAS                , (13)3872-5500 , MAURU        , TRIBUTAÇÃO
2.0   , SEVERÍNIA                  , (17)3817-3300 , SABRINA      , ISS
5.0   , SILVEIRAS                  , (12)3106-1150 , MARA         , TRIBUTAÇÃO
2.5   , SOCORRO                    , (19)3855-9600 , INÊS         , TRIBUTAÇÃO
5.0   , SOROCABA                   , (15)3238-2298 , LUCIANE      , FISCALIZAÇÃO
5.0   , SUD MENUCCI                , (18)3786-9600 , ROSEMEIRE    , ISS
5.0   , SUMARÉ                     , (19)3873-7088 , DIEGO        , FISCALIZAÇÃO
5.0   , SUZANÁPOLIS                , (18)3706-9000 , CÉLIO        , ISS
4.0   , SUZANO                     , (11)4745-2000 , ANTONIO      , FISCALIZAÇÃO
3.0   , TABAPUÃ                    , (17)3562-9022 , SANDRA       , ISS
2.0   , TABATINGA                  , (16)3321-9500 , CAROL        , TRIBUTAÇÃO
2.0   , TABOÃO DA SERRA            , (11)4788-5300 , CARLOS       , ISS
5.0   , TACIBA                     , (18)3997-9070 , FLORIPES     , ISS
3.0   , TAGUAÍ                     , (14)3386-9040 , VICTOR       , TRIBUTOS
2.0   , TAIAÇU                     , (16)3275-1101 , REGIANE      , TRIBUTAÇÃO
2.0   , TAIUVA                     , (16)3246-1207 , ISABEL       , TRIBUTAÇÃO
5.0   , TAMBAÚ                     , (19)3673-9500 , RIBERTO      , TRIBUTAÇÃO
3.0   , TANABI                     , (17)3272-9000 , LARISSA      , ISS
3.0   , TAPIRAÍ                    , (15)3277-4800 , CLAÚDIO      , TRIBUTOS
5.0   , TAPIRATIBA                 , (19)3657-1509 , ANDRÉ        , TRIBUTAÇÃO
3.0   , TAQUARAL                   , (16)3958-9200 , DJALMA       , TRIBUTAÇÃO
2.0   , TAQUARITINGA               , (16)3253-9100 , ANDRESSA     , TRIBUTAÇÃO
5.0   , TAQUARITUBA                , (14)3762-9666 , ROSE         , LANÇADORIA
5.0   , TAQUARIVAÍ                 , (15)3534-1170 , TREVISAN     , TRIBUTAÇÃO
5.0   , TARABAÍ                    , (18)3289-9090 , DANILO       , LANÇADORIA
5.0   , TARUMÃ                     , (18)3373-4500 , FERNANDO     , ISS
5.0   , TATUÍ                      , (15)3259-8400 , ALEXSANDRA   , TRIBUTAÇÃO
5.0   , TAUBATÉ                    , (12)3624-2656 , JORGE        , DIVISÃO DE INSPETORIA FISCAL
4.0   , TEJUPÁ                     , (14)3385-3200 , ETIENE       , ISS
5.0   , TEODORO SAMPAIO            , (18)3282-1165 , BRUNO        , ISS
3.0   , TERRA ROCHA                , (17)3395-9600 , ANDREIA      , TRIBUTAÇÃO
3.0   , TIETÊ                      , (15)3285-8755 , BRUNA        , TRIBUTAÇÃO
5.0   , TIMBURI                    , (14)3512-2220 , ALESSANDRO   , ISS
2.0   , TORRE DE PEDRA             , (15)3252-8000 , LÉIA         , TRIBUTAÇÃO
5.0   , TORRINHA                   , (14)3656-9600 , BÁRBARA      , ISS
2.0   , TRABIJÚ                    , (16)3349-9200 , MARILAURA    , TRIBUTAÇÃO
2.0   , TREMEMBÉ                   , (12)3607-1000 , ARLINDO      , ISS
5.0   , TRÊS FRONTEIRAS            , (17)3691-8200 , RENATO       , ISS
2.0   , TUIUTI                     , (11)4015-6216 , LANDA        , FINANÇAS
5.0   , TUPÃ                       , (14)3404-1000 , GLEBER       , FISCALIZAÇÃO
3.0   , TUPI PAULISTA              , (18)3851-9000 , ALEXANDRA    , ISS
5.0   , TURIUBA                    , (18)3696-1263 , HONORATO     , TRIBUTOS
3.0   , TURMALINA                  , (17)3667-1192 , FLAVIA       , TRIBUTOS
3.0   , UBARANA                    , (17)3807-8700 , ANTONIO      , ISS
3.0   , UBATUBA                    , (12)3834-1000 , GERSON       , TRIBUTOS IMOBILIÁRIOS
5.0   , UBIRAJARA                  , (14)3472-1461 , ODAIR        , TRIBUTOS
5.0   , UCHÔA                      , (17)3101-0099 , RITA         , ISS
5.0   , UNIÃO PAULISTA             , (17)3278-1213 , VALTÉRIO     , ISS
5.0   , URÂNIA                     , (17)3634-9020 , ANGELICA     , SITE
3.0   , URU                        , (14)3582-8000 , ROGERIO      , ISS
3.0   , URUPÊS                     , (17)3552-1144 , ROSANA       , ISS
2.0   , VALENTIM GENTIL            , (17)3485-9400 , SITE         , SITE
3.0   , VALINHOS                   , (19)3849-8000 , CELSO        , FISCALIZAÇÃO
3.0   , VALPARAÍSO                 , (18)3401-9200 , SILVIA       , TRIBUTAÇÃO
5.0   , VARGEM                     , (11)4598-2029 , VANDERLEY    , TRIBUTOS
4.0   , VARGEM GRANDE DO SUL       , (19)3641-9000 , ALINE        , TRIBUTAÇÃO
5.0   , VARGEM GRANDE PAULISTA     , (11)4158-8800 , ALAN         , TRIBUTAÇÃO
2.0   , VÁRZEA PAULISTA            , (11)4596-8660 , JOSÉ ROBERTO , TRIBUTOS
3.0   , VERA CRUZ                  , (14)3492-9700 , LUIZA        , TRIBUTOS
2.0   , VINHEDO                    , (19)3826-7846 , JOSÉ CARLOS  , FISCALIZAÇÃO
2.5   , VIRADOURO                  , (17)3392-8800 , JOÃO VITOR   , TRIBUTAÇÃO
3.0   , VISTA ALEGRE DO ALTO       , (16)3277-8300 , ARNALDO      , TRIBUTAÇÃO
5.0   , VITÓRIA BRASIL             , (17)3642-9000 , LINCON       , TRIBUTOS
5.0   , VOTORANTIM                 , (15)3353-8533 , PLINIO       , ISS
3.0   , VOTUPORANGA                , (17)3405-9700 , RODRIGO      , ISS
3.0   , ZACARIAS                   , (18)3694-8900 , VALBERTO     , TRIBUTOS